Country,CountryID,Continent,fertility%,literacy%,GNIperCapita,school_enrolmentF%,school_enrolmentM%,Population,Pop_growth,urban%,median_age,young%,"fertility ",Births_Skilled%,Contraceptive%,HospitalBeds,nurses,physicians,HealthExpenditure,health%,mortalityFemale,mortalityMale,cancer," cardiovascular",HIV,tuberculosis,lifeFemale,lifeMale,Infant_mortalityFemale,Infant_mortalityMale,alcohol,water_acces%,tobacco,Adolescent_fertility_rate,Agricultural_land,Agriculture_contribution_to_economy,Aid,Arms_exports,Arms_imports,Broadband_per,CO2_emissions,Cell_per,Contraceptive_use,Democracy_score,Electric_power_consumption,Expenditure_per_student_primary,External_debt_per_GNI,Forest_area,Health_expenditure_per_person,Imports_of_goods_and_services,Income_growth,Income_per_person,Inequality_index,Infant_mortality_rate,Internet_users,Life_expectancy_at_birth,Literacy_rate_adult_female,Literacy_rate_adult_male,Literacy_rate_adult_total,Lung_cancer_deaths_per_100_000_men,Lung_cancer_deaths_per_100_000_women,Medical_Doctors,Military_expenditure,People_living_with_HIV,Personal_computers_per_100_people,Population_growth,Population_total,Primary_completion_rate_total,Pump_price_for_gasoline,Ratio_of_girls_to_boys_in_primary_and_secondary_education,Ratio_of_young_literate_females_to_males,area,CO2_emissions,Total_income,Urban_pop,Urban_pop%
Afghanistan,1,1,151,28,,,,26088,4,23,16,47,7.2,14,10.3,4,14930,5970,29,5.4,443,500,153,706,10,32,36,35,154,176,0.01,22,,,58.35,36.1,2750000000,0,28000000,0.000878,0.02,4,10.3,-7,,,,8670,20,55.66,,874,,165,1,43.4,12.59,43.14,28,11.3,2.7,0.19,9.93,,,,29900000,37.73,0.68,55.57,36.2,652090,692.5,,5740436,22.9
Albania,2,2,27,98.7,6000,93,94,3172,0.6,46,29,26,2.1,100,75.1,30,14637,3626,358,6.2,103,170,154,537,,3,63,59,14,15,2.01,97,22.4,15.59,40.99,22.8,319000000,,42000000,0.01,0.98,48.9,60,9,1167.19,7.78,21.56,7940,169,46.31,4.91,5369,31.1,16,6,76.23,98.25,99.19,98.71,29.44,8.1,1.31,1.4,,1.2,0.61,3563112,96.34,1.44,97.02,100.13,28750,3499.12,4790000000,1431793.9,45.4
Algeria,3,3,6,69.9,5940,94,96,33351,1.5,64,24,29,2.4,95,61.4,17,69749,35368,188,3.6,122,149,103,314,10,2,62,60,31,36,0.15,85,15.2,7.82,17.28,8.46,371000000,,152000000,0.59,4.23,41.5,61.4,2,898.64,11.31,17.41,22770,108,23.6,3.71,6011,35.3,34,5.8,71.97,60.08,79.57,69.87,16.4,2,1.13,2.87,19328,0.9,1.5,32500000,95.83,0.32,99.31,91.58,2381740,137535.56,69700000000,20800000,63.3
Andorra,4,2,,,,83,83,74,1,93,,14,1.3,,,26,259,244,2910,6.3,45,103,126,125,,2,75,70,2,3,,100,32.9,,,,,,,,,,,,,,,,,,,,,,,,,,,,,,,,,,,,,,,,,,,
Angola,5,3,146,67.4,3890,49,51,16557,2.8,54,17,46,6.5,45,6.2,1,18977,1165,71,2.7,447,539,179,486,188,27,35,32,147,161,3.86,51,,139.64,46.19,7.65,437000000,1000000,22000000,,0.76,10.3,6.2,-2,140.97,,44.29,591040,36,49.44,17.2,3533,,154,0.6,42.3,54.21,82.9,67.41,7,1.3,0.08,5.4,173659,0.2,2.9,11800000,34.75,0.5,85.18,75.44,1246700,8991.46,14900000000,8578749,53.3
"Antigua and Barbuda",6,4,,,15130,,,84,1.3,37,,28,2.2,100,,24,233,12,652,4.9,115,187,144,343,,1,64,60,9,11,5.73,91,,,31.82,3.62,7790000,,,6.89,6.13,105.5,53,,,,,90,503,71.29,4.05,14579,,11,35.6,,,,,,,0.17,,,,1.32,68722,,0.28,,,440,421.36,830000000,32468.25,39.1
Argentina,7,5,62,97.2,11670,98,99,39134,1,90,29,26,2.3,99,65.3,41,29000,108800,1665,10.1,86,162,142,212,11,5,68,62,13,16,8.4,96,30,58.42,47.27,9.4,97300000,4000000,4000000,2.39,3.86,57.4,,8,2417.88,11.32,75.35,330210,484,19.19,8.12,11063,51.32,14,17.8,75.08,97.19,97.19,97.19,31.87,7.08,3.01,1.04,115615,8,0.97,39500000,99.35,0.62,103.58,100.43,2780400,152711.86,314000000000,34900000,90.1
Armenia,8,2,30,99.4,4950,84,80,3010,-0.3,64,32,20,1.3,98,53.1,44,14806,11133,272,4.7,115,262,146,498,50,10,63,59,20,23,1.48,98,29.6,30.07,49.29,20.8,193000000,,151000000,0.07,1.46,10.5,53.1,5,1503.15,4.39,37.63,2830,88,40.48,14.37,3903,33.77,23,5.3,71.82,99.16,99.67,99.4,45.62,5.96,3.59,2.72,2381,5.3,-0.31,2982904,88,0.96,103.24,100.11,29800,4345.5,3400000000,1934320.8,64.1
Australia,9,6,16,,33940,97,96,20530,1.1,88,37,19,1.8,100,,40,187837,47875,3122,8.7,47,82,127,140,10,1,74,71,4,6,9.02,100,24.8,15.38,57.94,3.08,,50000000,560000000,8.76,18.36,91.4,,10,11480.53,15.93,,1636780,3181,21.79,1.6,32798,35.19,5,70.4,81.19,,,,30.4,14.31,2.5,1.78,15030,68.9,1.32,20100000,,0.93,97.35,,7741220,368858.53,468000000000,18000000,88.2
Austria,10,2,14,,36040,98,97,8327,0.4,66,40,16,1.4,,,76,53782,30068,3545,9.9,51,105,127,204,10,1,74,69,3,4,11.08,100,43.3,12.36,39.58,1.64,,3000000,21000000,14.26,8.99,105.8,50.8,,7888.7,22.52,,38620,3788,49.53,1.08,34108,29.15,4,48.9,79.66,,,,35.92,11.77,3.4,0.88,5840,57.6,0.71,8184691,102.57,1.32,96.78,,83870,73602.43,209000000000,5433978,66
Azerbaijan,11,2,31,98.8,5430,83,86,8406,0.6,52,28,24,1.7,97,55.4,81,71265,30766,218,3.4,138,241,113,613,10,10,59,56,70,76,4.54,78,,28.94,57.57,9.9,225000000,,45000000,0.03,4.63,26.7,55.4,-7,2407.45,6.02,15.65,9360,62,52.9,24.97,4648,36.5,74,8.1,67.33,98.17,99.47,98.79,21.83,4.63,3.55,2.37,5377,1.8,1.02,7911974,93.18,0.46,96.93,100.03,86600,36629.01,9930000000,4321803,51.5
Bahamas,12,4,46,,,89,87,327,1.2,91,28,27,2,99,,32,1323,312,1516,6.9,144,246,112,222,200,3,66,61,11,14,,97,,54.08,1.4,,4780000,,54000000,4.14,6.98,70.5,,,,,,5150,1224,,,23021,,,31.9,,,,,19.7,4.8,,0.65,5953,,1.23,,100.68,,99.96,,13880,2106.8,4940000000,292258.7,90.4
Bahrain,13,1,14,86.5,34310,98,98,739,1.9,97,29,26,2.4,99,,27,4410,1980,1008,3.8,84,116,127,312,,4,64,64,9,9,6.98,,14.6,17.52,14.08,0.86,57400000,2000000,54000000,2.96,28.57,103,61.8,-7,11400.58,15.82,,,710,54.17,5.31,27236,,9,21.3,75.43,83.56,88.55,86.55,28.6,12.4,1.09,3.02,,16.9,2.03,688345,105.48,0.27,102.09,100.44,710,19668.35,10600000000,699420.44,96.5
Bangladesh,14,7,135,47.5,1230,90,87,155991,1.8,25,22,35,2.9,20,58.1,3,39471,42881,69,3.1,258,251,111,428,10,45,53,55,46,57,0,80,25.6,134.37,69.22,20.14,1340000000,,27000000,,0.28,6.3,58.1,6,135.56,7.62,30,8710,12,23.05,4.01,1268,33.2,54,0.3,63.55,40.82,53.9,47.49,20.8,3.3,0.26,1.16,11585,1.2,1.81,144000000,71.92,0.79,103.45,89.72,144000,39952.26,61400000000,38500000,25.1
Barbados,15,4,51,,15150,96,97,293,0.3,53,36,18,1.5,100,,67,988,322,1155,6.7,82,154,135,245,200,1,68,63,11,11,,100,10.8,42.24,44.19,3.68,-2150000,,,10.94,4.72,76.7,,,,23.41,,20,725,63.47,2.3,15837,,11,59.5,76.96,,,,14.4,3,1.21,0.83,2164,12.5,0.35,278870,92.84,0.66,99.93,,430,1315.38,,153848.69,52.7
Belarus,16,2,22,99.6,9700,88,90,9742,-0.5,73,38,15,1.2,100,,112,121357,46359,572,6.4,131,366,143,592,,8,65,57,5,7,5.53,100,42.6,22.62,42.7,9.77,53900000,24000000,6000000,0.02,6.15,42,72.6,-7,3208.5,14.14,15.66,78940,204,59.09,9.79,8541,27.95,12,34.8,68.87,99.42,99.79,99.59,55.31,3.67,4.55,1.22,13360,,-0.5,10300000,94.93,0.79,100.25,100.07,207600,63299.27,18300000000,7057977,72.2
Belgium,17,2,5,,33860,97,97,10430,0.3,97,41,17,1.6,99,,53,146846,44124,3183,9.5,61,111,148,162,10,1,73,69,4,4,10.63,,27.1,7.67,45.85,1.1,,185000000,0,19.19,9.9,90,78.4,10,8509.97,19.95,,6670,3451,83.32,0.69,32077,32.97,4,45.7,79.2,,,,69.9,10.1,3.9,1.13,12949,34.7,0.55,10400000,78.85,1.63,98.03,,30530,102599.33,249000000000,10200000,97.2
Belize,18,5,90,70.3,7080,97,97,282,2.2,48,21,37,3,91,,13,303,251,426,5.3,190,314,147,317,200,4,62,58,12,17,6.25,91,,83.7,6.66,15.28,12000000,,1000000,1.72,2.91,44.3,56.1,,,14.01,100.28,16530,198,62.67,-0.15,7290,,15,9.6,75.99,70.33,70.27,70.3,19.6,3.3,1.05,1.43,3346,13.5,3.2,281084,103.43,,98.24,100.74,22970,817.07,1080000000,140939.4,48.3
Benin,19,3,108,34.7,1250,73,87,8760,3.1,40,18,44,5.6,74,18.6,5,5789,311,46,5.3,306,349,154,432,114,13,45,43,85,90,1.29,65,,126.52,32.25,32.2,346000000,,6000000,0,0.34,10,17.2,6,69.37,11.54,43.55,23510,28,26.11,0.68,1390,36.48,89,5.7,56.15,23.3,47.87,34.66,2.4,0.6,0.04,,60771,0.4,3.19,7649360,64.66,0.81,73.45,56.14,112620,2564.8,2730000000,3404610.8,40.1
Bhutan,21,7,62,,4000,79,79,649,1.8,11,23,32,2.3,51,30.7,16,730,52,107,4.5,180,250,112,441,10,7,53,53,58,68,0.23,81,,42.42,12.6,23.62,89600000,,0,,0.19,4.7,30.7,-6,,10,79.54,31950,52,51.38,2.63,3694,,65,3.1,65.08,48.7,69.1,59.5,11,2.2,0.05,,,1.4,2.21,2232291,65.23,0.58,93.88,,47000,414.03,644000000,70708.45,11.1
Bolivia,22,5,97,86.7,3810,95,94,9354,1.9,65,21,38,3.6,61,58.4,11,18091,10329,204,6.6,176,242,256,260,10,30,55,54,47,52,3.23,86,31.7,80.68,34.83,14.24,632000000,,9000000,0.12,1.04,26.4,58.4,8,478.76,16.23,76.51,587400,71,32.54,2.09,3618,60.05,52,5.2,65.14,80.65,93.06,86.72,11.6,3.1,1.22,1.62,7530,2.3,1.9,8857870,100.95,0.54,98.29,97.53,1098580,9251.6,9740000000,5894853.5,64.2
"Bosnia and Herzegovina",23,2,25,96.7,6780,,,3926,0.3,46,38,17,1.2,100,47.5,30,18332,5540,794,8.3,72,151,121,492,,7,66,62,10,15,9.05,99,42.3,21.48,41.93,10.55,553000000,4000000,25000000,0.35,5.93,40.8,35.7,,2316.08,,47.2,21850,243,74.58,5.06,6506,35.79,13,20.6,74.66,94.36,99.03,96.66,52.3,10.5,1.34,1.62,500,,0.25,4430494,,1.34,,100.1,51210,26274.55,6440000000,1789263.8,45.7
Botswana,24,3,51,81.2,11730,85,83,1858,1.2,58,21,35,3,99,44.4,24,4753,715,635,7.2,455,485,124,338,1020,31,35,36,88,91,4.29,96,,55.78,45.84,1.97,47600000,,9000000,0.09,2.78,46.6,44.4,9,1405.82,15.74,4.91,119430,362,31.72,6.44,12057,60.51,87,3.4,49.7,81.81,80.43,81.19,8.5,3,0.4,3,292073,4.7,1.14,1640115,95.16,0.78,100.33,103.81,581730,4554.35,8050000000,1053828.4,57.4
Brazil,25,5,71,88.6,8700,95,93,189323,1.3,85,27,28,2.3,97,,26,659111,198153,765,7.5,121,230,142,341,8,3,62,57,17,21,5.76,91,,89.42,31.16,5.65,196000000,61000000,143000000,2.35,1.75,46.3,76.7,8,2008.2,12.79,22.14,4776980,371,11.54,0.93,8596,56.6,20,17.2,72.04,88.81,88.41,88.62,16.12,6.02,2.06,1.42,705387,10.7,1.35,186000000,105.05,1.26,101.97,102.21,8514880,325487.78,738000000000,157000000,84.2
"Brunei Darussalam",26,6,31,92.7,49900,94,94,382,2.1,74,26,29,2.4,100,,30,2120,400,394,1.8,74,100,114,210,50,9,66,65,7,9,0.12,,,28.65,4.74,0.95,770000,,1000000,2.17,15.82,62.3,,,7498.04,4.99,,2780,519,27.29,-0.54,47465,,8,36.1,76.92,90.16,95.15,92.67,22.5,10.8,1.01,2.61,,8.5,2.2,372361,106.88,0.3,101.85,100.04,5770,5891.71,4830000000,274765.78,73.5
Bulgaria,27,2,40,98.2,10270,92,93,7693,-0.7,70,41,14,1.3,99,,62,35028,28111,741,6.9,93,219,125,554,,5,67,63,10,10,5.86,99,37.7,41.63,48.46,9.43,620000000,48000000,158000000,2.14,5.96,80.8,41.5,9,4121.19,11.88,57.36,36250,272,76.39,6.06,9353,29.21,12,20.6,72.52,97.71,98.74,98.2,39.73,6.28,3.56,2.35,2157,5.9,-0.53,7450349,98.58,1.05,96.57,99.8,111000,44422.34,16400000000,5418000,70
"Burkina Faso",28,3,131,23.6,1130,42,52,14359,3,19,17,46,6.1,54,13.8,9,6557,708,87,6.4,376,483,162,459,91,50,36,35,117,126,5.01,72,16.6,132.91,39.84,31.95,681000000,,19000000,0,0.06,4.8,17.4,0,,31.49,36.49,67940,27,24.78,1.58,1140,39.51,121,0.5,51.88,16.62,31.44,23.55,4.6,2.1,0.06,1.36,133761,0.2,3.11,13500000,30.28,1.15,78.26,65.58,274000,743.79,3430000000,2549805.5,18.3
Burundi,29,3,30,59.3,320,73,76,8173,3.9,10,17,45,6.8,34,19.7,7,1348,200,15,3,412,461,146,439,172,78,37,33,94,123,9.1,71,,54.94,90.58,34.85,365000000,,4000000,,0.03,2,9.1,6,,19.13,170.29,1520,3,45.29,-2.64,420.08,42.39,109,0.5,49.03,52.24,67.31,59.3,3.5,2.1,0.03,6.22,117846,0.5,3.8,7795426,34.62,1.2,83.96,91.65,27830,223.5,790000000,785879.1,10
Cambodia,30,7,52,73.6,1550,89,91,14197,1.7,20,20,37,3.3,44,40,1,11125,2047,167,6,207,314,148,392,114,76,49,46,58,71,1.48,65,23.6,44.95,30.34,30.78,541000000,0,21000000,0.01,0.04,7.5,40,2,,5.62,58.42,104470,28.57,72.92,11.2,1453,41.71,67,0.3,58.98,64.05,84.68,73.61,20.9,4.5,0.16,1.76,88156,0.3,1.7,13600000,85.11,1.01,89.24,89.74,181040,538.61,5680000000,2749235,19.7
Cameroon,31,3,141,67.9,2060,65,74,18175,2.1,56,19,41,4.5,63,26,15,26042,3124,80,5.2,422,451,150,436,282,21,42,41,79,94,3.77,70,7.4,125.31,19.68,20.17,417000000,,5000000,0,0.22,13.8,29.2,-4,196.12,6.14,43.84,212450,49,25.38,0.27,1995,44.56,87,1.5,50.29,59.8,77,67.9,3,0.3,0.19,1.32,542040,1,2.19,17000000,58.24,1.14,83.73,,475440,3715.3,12100000000,9716151,54.6
Canada,32,4,14,,36280,100,99,32577,0.9,80,39,17,1.5,100,,34,327224,62307,3672,10,55,89,138,141,10,0,74,70,5,5,7.8,100,21.6,14.04,7.42,2.1,,193000000,106000000,19.9,16.39,52.5,74.7,10,17284.69,,,3101340,3430,34.1,1.91,35078,32.56,5,67.9,80.36,,,,42.85,25.05,2.1,1.15,63660,69.8,1,32800000,,0.84,98.3,,9984670,537523.44,810000000000,25900000,80.1
"Cape Verde",33,1,104,81.2,2590,87,88,519,2.3,58,20,39,3.5,89,,21,410,231,278,5.6,168,308,127,356,,36,63,59,22,28,4.78,80,,87.48,18.36,9.24,162000000,,1000000,0.18,0.68,17.2,52.9,,,20.31,56.27,840,114,50.06,3.37,2831,50.52,26,6.1,71.31,75.55,87.76,81.22,2.4,0.6,0.49,0.71,,10.2,2.32,418224,81.36,0.59,99.31,101.04,4030,285.79,681000000,290400.4,57.3
"Central African Republic",34,3,157,48.6,690,38,53,4265,1.7,38,18,42,4.7,54,27.9,12,1613,331,55,3.9,466,471,154,445,594,54,38,37,110,118,1.53,66,,122.13,8.38,55.63,95700000,,1000000,,0.06,2.5,19,-1,,10.49,74.19,227550,13,21.07,,675,61.33,,0.3,,33.5,64.77,48.57,4.6,0.7,,1.12,149743,0.3,1.64,,24.29,1.37,59.78,66.64,623000,252.82,918000000,1592743,38
Chad,35,3,193,25.7,1170,49,71,10468,3.1,26,17,46,6.3,14,2.8,4,2499,345,40,3.6,426,466,156,443,113,63,42,40,116,132,0.31,48,9.4,174.48,39.1,21.35,382000000,,2000000,,0.01,2.1,2.8,-2,,6.77,33.6,119210,22,39.49,2.31,1749,,124,0.4,50.62,12.8,40.83,25.65,4.6,0.7,0.04,0.94,186794,0.2,3.36,9657069,31.19,1.31,60.98,41.73,1284000,139.23,2790000000,2566839,25.3
Chile,36,5,49,95.7,11300,89,90,16465,1,88,31,24,1.9,100,60.7,23,10000,17250,697,5.3,60,121,137,165,10,1,70,65,7,9,6.6,95,37.9,60.4,20.36,4.36,152000000,2000000,470000000,4.35,4.14,67.8,56,9,3074.3,11.94,41.89,161210,396.78,32.51,5.23,12262,54.92,8,28.9,78.38,95.64,95.8,95.72,18.89,7.32,1.09,3.7,29057,13.9,1.06,16000000,122.94,1.09,98.26,100.38,756630,66120.55,92500000000,14300000,87.6
China,37,7,3,90.9,4660,96,100,1328474,0.6,42,33,21,1.7,98,90.2,22,1301240,1862630,342,4.5,87,143,148,291,2,15,65,63,24,17,5.2,88,31.8,5.77,59.64,12.55,1800000000,223000000,3790000000,2.87,4.26,29.9,86.9,-7,1780.54,,12.49,1972900,81,31.74,9.5,4091,46.9,21,8.4,72.73,86.53,95.14,90.92,36.7,16.3,1.51,1.97,664224,4.1,0.64,1300000000,98.25,0.69,99.91,99.3,9598088,5547757.5,1890000000000,527000000,40.4
Colombia,38,5,92,92.8,6130,88,89,45558,1.4,73,26,30,2.3,96,78.2,12,23940,58761,626,7.3,87,176,117,240,18,6,66,58,14,20,5.68,93,,69.08,38.36,12.37,626000000,,8000000,0.71,1.36,47.9,78.2,7,890.07,19.17,29.38,607280,201,22.33,3.55,6306,56.23,17,10.4,72.59,92.91,92.78,92.85,14.41,7.18,1.35,3.71,157092,5.5,1.41,43000000,99.77,0.98,103.41,100.88,1141750,58594.69,98800000000,32700000,72.7
Comoros,39,3,66,,1140,50,60,818,2.5,38,19,42,4.5,62,25.7,17,588,115,35,3.2,177,250,128,381,50,7,55,54,46,57,0.31,85,20.7,52.93,79.53,51.02,24900000,,,0.000666,0.13,2,25.7,6,,9.32,75.58,50,14,34.72,2.05,1063,,53,2.5,64.61,,,,3.5,2.1,0.15,,154,0.6,2.11,671247,50.49,,84.2,,1861,87.94,232000000,222181.12,37
"Congo, Dem. Rep.",40,3,125,67.2,270,47,60,60644,3.2,33,16,47,6.7,61,31.4,11,28789,5827,18,4.3,382,454,161,465,156,69,39,35,122,136,1.86,46,8.1,225.5,10.06,45.52,1830000000,,14000000,0,0.04,4.8,31.4,4,91.08,,156.82,1336100,5,39.31,3.36,264,,129,0.2,46.09,54.07,80.91,67.17,4.4,0.6,0.11,0,419448,,3.15,60800000,38.46,0.94,73.24,80.9,2344860,2143.44,5240000000,18900000,32.1
"Congo, Rep.",41,3,132,84.4,2420,52,58,3689,2.2,61,19,42,4.6,83,44.3,16,3672,756,31,2.1,367,407,134,393,275,65,47,45,77,82,2.6,71,6.6,120.41,30.88,4.67,1440000000,,4000000,,,12.3,44.3,-4,159.56,3.41,133.22,224710,31,50.14,6.03,3621,,79,1.3,54.73,79.03,90.54,84.68,3.6,0.5,0.2,1.31,79571,0.4,2.25,3602269,67.1,0.96,90.16,98.13,342000,,3980000000,2173130.2,60.2
"Cook Islands",42,6,,,,75,73,14,-2.5,64,,34,3,100,,63,80,20,566,4.5,96,147,69,326,,3,63,61,13,19,3.73,95,28.1,,,,,,,,,,,,,,,,,,,9000,,,,,,,,,,,,,,,,,,,,,,,,
"Costa Rica",43,5,77,94.9,9220,88,87,4399,1.6,62,26,28,2.1,94,,13,3653,5204,743,7,71,118,125,185,10,1,69,65,10,11,5.65,98,16.8,73.78,56.7,8.66,29600000,,3000000,1.08,1.82,25.4,96,10,1718.88,16.96,32.44,23910,327,53.97,4.13,8661,48.2,11,21.3,78.62,95.08,94.65,94.87,9.7,3.69,1.32,,8572,21.9,1.73,4016173,91.99,0.98,101.64,100.87,51100,7302.35,19500000000,2669899.8,61.7
"Cote d'Ivoire",44,3,132,48.7,1580,49,61,18914,1.8,45,19,41,4.6,57,,4,10180,2081,66,3.8,402,455,160,436,358,79,41,38,74,105,1.77,81,9,117.38,63.84,22.84,110000000,,14000000,0.01,0.5,12.9,12.9,0,170.3,16.3,76.17,104050,34,43.64,0.22,1575,44.58,91,1.1,47.95,38.62,60.84,48.73,6,1.2,0.12,1.55,524386,1.6,1.68,17300000,42.84,1.2,68.41,73.59,322460,8698.34,10200000000,8363115.5,45
Croatia,45,2,14,98.1,13850,90,91,4556,0.1,57,41,15,1.3,100,,55,24872,11250,1084,7.5,63,161,167,356,,6,69,64,5,5,12.25,99,34,13.69,48.19,7.6,127000000,2000000,8000000,2.61,5.09,80.2,69,9,3474.86,22.99,80.85,21350,651.44,55.51,4.27,13232,29.03,6,32.4,75.53,97.08,99.32,98.15,58.98,10.21,2.4,1.58,690,19.1,0.01,4495904,95.24,1.34,100.82,100.01,56540,22878.02,23200000000,2510492.8,56.5
Cuba,46,5,47,99.8,,97,96,11267,0.1,75,36,19,1.5,100,73.3,49,83880,66567,363,7.1,82,127,129,215,10,1,70,67,5,6,2.26,91,35.9,48.32,60.07,6.4,88800000,,91000000,,2.14,1.2,77.1,-7,1151.87,37.26,,27130,310,18.67,5.16,7407.24,,5,1.7,77.99,99.79,99.81,99.8,35.8,15.64,5.91,,4952,2.6,0.12,11300000,92.63,1.1,99.14,100,110860,24332.62,,8501228,75.5
Cyprus,47,2,5,96.8,25060,99,99,846,1.1,69,35,19,1.6,100,,38,3361,1950,1696,6.3,42,74,94,354,,0,68,67,3,4,11.52,100,,8.03,17.86,5.07,59900000,43000000,26000000,4.2,8.99,86.1,,10,5559.51,22.66,,1740,1350,45.72,1.31,24473,,4,39,79.02,95.08,98.63,96.8,24.8,5.3,2.34,1.38,380,30.9,2.4,780133,100.08,0.83,100.91,100.08,9250,7016.56,10300000000,525155.4,69.3
"Czech Republic",48,2,11,,20920,94,91,10189,0,73,39,14,1.2,100,,84,91120,36595,1490,6.8,67,148,177,315,10,1,71,66,3,4,12.99,100,31,11.18,55.13,2.94,279000000,40000000,622000000,6.93,11.69,115.2,72,10,6343.21,12.82,,26480,868,68.95,,20281,25.4,,27,,,,,57.02,12.32,,1.77,1426,21.6,0.27,,102.21,1.3,100.65,,78870,119691.89,67800000000,7522057.5,73.5
Denmark,49,2,6,,36190,96,95,5430,0.2,86,40,19,1.8,,,38,54073,19287,3349,9.5,65,111,167,182,10,1,71,69,3,4,11.71,100,33.4,6.16,61.02,1.51,,3000000,117000000,24.91,8.48,100.3,,10,6663.06,24.83,,5000,4350,44.06,2.77,33626,24.7,4,52.5,78.32,,,,40.1,27.8,2.9,1.34,4543,65.5,0.27,5432335,99.07,1.58,101.5,,43090,46078.47,171000000000,4636077,85.6
Djibouti,50,1,27,,2180,34,42,819,1.8,87,20,38,4.1,93,17.8,16,296,140,100,6.7,305,380,116,533,151,115,43,43,75,98,1.79,92,,25.35,73.38,3.53,76300000,,8000000,0.01,0.78,6.4,17.8,2,,33.85,53.13,60,54,50.94,1.38,1964,,88,1.5,54.44,,,,1.75,1.05,0.14,2.14,15027,2.32,1.74,476703,31.22,0.49,75.64,,23200,373.73,633000000,692421.4,86.1
Dominica,51,5,,,7870,79,75,68,-0.3,71,,28,2.1,99,,39,317,38,481,6.7,109,191,144,257,,1,66,62,12,14,7.5,97,,,30.67,18.54,20900000,,,3.98,1.65,51.36,50,,,,104.68,460,288,65.23,4.51,8576,,13,21.6,,,,,,,0.5,,,13.65,0.74,69029,108.23,,101.29,,750,113.58,282000000,52488,72.9
"Dominican Republic",52,5,118,87,5550,78,76,9615,1.5,68,24,33,2.9,96,69.8,20,15352,15670,449,6,138,275,131,381,75,14,62,57,22,27,6.66,95,15.4,110.28,70.69,12.43,77000000,,27000000,0.7,2.07,40.7,61.3,8,1000.25,8.2,28.1,13760,196.92,37.71,,5173,49.9,,16.8,,87.18,86.81,87,6.99,4.05,,0.6,62546,,1.54,,86.85,1.03,103.63,102.6,48730,18770.67,23400000000,6325693.5,66.8
Ecuador,53,5,100,91,6810,97,96,13202,1.1,63,24,32,2.6,80,72.7,17,20586,18335,297,5.4,123,206,129,244,12,25,64,60,18,23,2.36,95,14.9,83.48,27.28,6.62,228000000,,33000000,0.21,2.19,47.2,72.7,6,714.49,3.24,48.59,108530,147,31.79,3.25,6533,53.55,22,7.3,74.79,89.7,92.33,90.98,7.18,3.52,1.48,2.39,23692,5.5,1.11,13400000,105.67,0.47,100.09,100.12,283560,29297.34,20500000000,8202303.5,62.8
Egypt,54,1,48,71.4,4940,94,98,74166,1.8,43,23,33,3,74,59.2,22,249787,179900,316,6.3,142,229,84,560,10,3,60,58,27,31,0.21,98,15.1,42.93,3.54,14.86,995000000,38000000,740000000,0.12,2.24,19.1,59.2,-3,1245.41,,33.64,670,78,32.61,,5049,34.41,,7.2,,59.36,83.02,71.41,8.4,2.8,,2.83,8105,3.3,1.8,,97.99,0.3,93.03,87.65,1001450,173483.08,120000000000,31200000,42.8
"El Salvador",55,5,104,74.1,5610,94,94,6762,1.4,60,24,34,2.7,69,67.3,9,5103,7938,387,7,127,256,102,223,36,7,62,57,20,24,3.72,84,,83.44,82.24,10.5,200000000,0,9000000,0.63,0.95,35,67.3,7,665.53,9.24,51.25,2980,177.17,45.19,0.98,5403,52.36,23,9.3,71.59,79.25,82.14,80.64,5.95,3.19,1.24,0.63,32805,4.5,1.39,6704932,88.75,0.82,98.14,104.26,21040,6397.34,14600000000,3987677,59.8
"Equatorial Guinea",56,3,128,87,16620,83,91,496,2.4,39,19,42,5.4,63,,11,271,153,280,1.5,425,475,155,438,200,42,46,45,115,132,3.38,43,,125.19,11.55,2.85,38500000,,8000000,0.04,8.19,19.3,,-5,,0.91,7.82,16320,211,47.6,7.5,11999,,123,1.4,51.02,80.46,93.36,86.99,4.6,0.7,0.3,,10486,1.4,2.35,529034,58.25,,82.52,100.15,28050,4334.51,3790000000,188314.12,38.9
Eritrea,57,3,85,,680,43,50,4692,3.6,20,18,43,5.2,28,8,12,2505,215,28,4.5,219,290,133,398,127,20,51,49,42,53,0.59,60,9.1,77.66,75.32,22.57,355000000,0,276000000,,0.16,0.9,8,-7,,11.1,76.46,15540,8,55.72,-3.37,685,,50,1.8,57.34,,,,3.5,2.1,0.05,24.11,33701,0.4,3.9,4669638,51.59,1.9,71.71,,117600,758.45,757000000,878184.06,19.4
Estonia,58,2,21,99.8,18090,94,95,1340,-0.3,69,39,15,1.5,100,,56,9247,4414,989,5,96,279,150,435,,5,69,59,3,6,9,100,38.8,21.88,19.67,3.73,135000000,8000000,12000000,13.31,13.66,108.8,70.3,6,5567.19,19.19,,22840,516,86.08,10.02,16654,36.03,6,51.9,72.96,99.76,99.78,99.77,60.51,7.65,3.16,1.49,9653,47.4,-0.22,1332893,105.62,1.23,99.68,100.08,45230,18202.75,8360000000,930155.1,69.1
Ethiopia,59,3,109,35.9,630,68,74,81021,2.5,16,18,44,5.4,6,14.7,2,15544,1936,22,4.9,294,358,147,435,,74,42,41,67,87,0.86,42,4.3,100.25,33.92,46.64,1910000000,,162000000,0.000227,0.11,0.5,14.7,1,34.39,22.11,55.22,130000,6,38.4,6.76,591,29.97,80,0.2,52.39,22.8,50,35.9,2.6,3.1,0.03,3.01,946815,0.3,2.64,73100000,41.33,0.93,77.14,61.9,1104300,7881.26,10400000000,12000000,16
Fiji,60,6,35,,4450,91,91,833,0.6,51,24,33,2.8,99,,21,1660,380,280,4,162,259,86,470,50,3,61,57,14,17,1.72,47,14.4,35.62,25.18,14.31,64000000,,12000000,0.85,1.84,24.2,44,6,,18.87,7.82,10000,148,72.56,-0.12,4209,,16,8.3,68.54,,,,0.4,1.6,0.34,1.16,427,5.2,0.63,893354,100.92,0.5,102.33,,18270,1641.47,1860000000,420647.38,50.8
Finland,61,2,11,,33170,97,97,5261,0.3,61,41,17,1.8,100,,70,46930,17357,2472,7.6,57,132,115,201,10,1,74,69,2,3,9.31,100,28.1,9.8,7.44,2.92,,25000000,76000000,22.38,10.18,100.4,,10,16119.78,18.82,,225000,2824,36.24,1.74,30469,26.88,3,53.3,79.09,,,,31.41,8.07,2.6,1.4,2015,48.2,0.34,5223442,99.91,1.55,102.02,,338150,53160.98,135000000000,3205367,61.1
France,62,2,8,,32240,99,98,61330,0.6,77,39,18,1.9,99,81.8,73,486006,207277,3554,11.1,57,124,142,118,2,1,75,69,3,4,11.43,100,31.7,7.33,53.75,2.29,,2050000000,121000000,15.56,6.23,79.5,74.6,9,7938.33,17.8,,155540,3807,26.95,0.6,29644,32.74,4,43.2,80.5,,,,43.64,8.22,3.37,2.48,119900,48.7,0.58,60700000,98.97,1.48,99.98,,551500,377692.44,1430000000000,46700000,76.7
Gabon,64,3,144,83.8,11180,88,88,1311,1.5,84,22,35,3.1,86,32.7,20,6778,395,252,3.7,323,376,158,410,340,48,53,50,48,72,8.01,87,,87.61,20.03,4.89,52300000,,63000000,0.12,1.08,47.1,32.7,-4,999.46,,58.43,217750,276,22.89,0.61,12742,,60,4.8,56.74,79.67,88.49,84.02,9.5,1.7,0.29,1.27,45718,3,1.61,1394307,74.7,0.64,95.82,97.74,267670,1502.24,5520000000,1079019.4,83.6
Gambia,65,3,167,,1110,64,59,1663,2.8,55,20,41,4.8,57,9.6,8,1881,156,56,4.3,243,313,144,413,86,45,51,48,78,89,2.59,86,16.2,107.44,81.4,32.65,61300000,,7000000,0,0.18,16.3,17.5,-5,,7.37,149.97,4710,14.75,65.39,,726,47.36,,3.8,,,,,4.9,0.6,,0.48,7601,1.6,2.91,,63.04,1.08,101.81,,11300,285.79,509000000,871578.6,53.9
Georgia,66,2,47,,3880,91,88,4433,-0.9,52,36,18,1.4,92,47.3,37,17871,20597,355,8.4,94,255,91,584,50,9,67,62,28,29,1.47,99,31.9,32.11,43.26,16.69,309000000,7000000,70000000,0.05,1.02,26.3,47.2,7,1671.88,,29.84,27600,123,51.57,10.34,3505,40.8,29,6.1,70.86,,,,31.6,6.1,4.09,3.59,1546,3.8,-0.97,4677401,86.98,0.86,99.81,,69700,4785.18,4340000000,2335119.5,52.2
Germany,67,2,11,,32680,98,98,82641,0,75,42,14,1.4,100,,83,662000,284427,3328,10.4,55,106,141,211,10,1,74,70,3,4,11.99,100,31.6,9.93,48.83,0.98,,1860000000,216000000,12.97,9.51,95.8,74.7,10,7110.59,16.3,,110760,3628,35.53,1.02,30496,28.31,4,43.2,79.46,,,,39.52,11.13,3.4,1.37,53224,48.5,-0.06,82400000,94.59,1.55,98.66,,357050,783982.44,1970000000000,62000000,75.2
Ghana,68,3,74,57.9,1240,71,73,23008,2.1,49,20,39,4,50,25.2,9,19707,3240,100,6.2,311,350,138,404,131,41,50,49,69,82,1.57,80,5.5,60.95,64.76,37.45,1130000000,,27000000,0.01,0.33,13,16.7,8,265.76,12.82,64.02,55170,30,61.66,3.75,1225,40.8,75,1.8,59.63,49.79,66.35,57.9,2.4,0.6,0.15,0.75,261034,0.5,2.14,21900000,70.68,0.86,92.6,86.23,238540,7317.01,6360000000,10800000,47.8
Greece,69,2,11,96,30870,99,100,11123,0.2,59,40,14,1.3,,,47,40000,55556,3101,9.9,44,106,132,258,10,2,73,69,4,4,9.01,100,51.8,9.1,64.85,4.02,,13000000,1100000000,1.44,8.94,92.3,,10,5241.53,16.5,,37520,2580,25.58,3.26,25520,34.27,4,18,79.18,94.24,97.81,95.99,46.22,7.27,4.4,3.25,10003,9,0.38,10700000,100.23,1.16,98.55,100.1,131960,95359.27,142000000000,6551360,59
Grenada,70,5,53,,8770,83,84,106,0.3,31,23,33,2.3,100,,41,326,80,596,7,214,250,199,448,,1,60,58,13,20,6.67,94,,45.9,38.24,5.25,52700000,,,3.03,2.62,45.5,54,,,7.09,83.87,40,342,76.14,-3.82,9128,,17,11.16,68.48,,,,,,0.5,,,11.63,0.71,89502,92.51,0.27,99.12,,340,234.5,414000000,32589,30.6
Guatemala,71,5,120,69.1,5120,92,96,13029,2.5,48,18,43,4.3,41,43.3,7,44986,9965,259,5.3,163,284,93,188,21,11,60,55,30,31,1.46,96,14.4,110.48,42.9,22.76,254000000,,1000000,0.21,0.95,35.8,43.3,8,522.05,4.92,17.07,39380,131.75,30.17,0.75,4897,49.39,32,7.9,69.94,63.34,75.42,69.1,5.7,4.04,0.9,0.33,58167,1.8,2.49,12000000,73.66,0.78,91.63,90.75,108890,11442.67,21900000000,5998914,47.2
Guinea,72,3,153,29.5,1130,66,77,9181,2,33,18,43,5.6,38,9.1,3,4408,987,116,5.7,305,380,156,432,76,51,46,44,87,109,0.2,70,,157.04,51.16,19.76,199000000,,1000000,,0.14,2.4,9.1,-1,,10.01,98.9,67240,21,30.42,1.13,946,38.6,100,0.6,55.42,18.11,42.56,29.48,7.5,1.5,0.11,2.02,77955,0.6,1.91,9452670,58.3,0.79,72.57,57.45,245860,1355.68,3620000000,2970876.5,33
Guinea-Bissau,73,3,,,460,37,53,1646,3,30,16,48,7.1,39,7.6,7,1072,188,40,6.2,356,458,159,449,170,36,41,40,106,131,2.19,57,,192.03,57.97,60.26,79100000,,4000000,,0.19,7.1,10.3,6,,,239.6,20720,10,50.78,0.46,569,47.05,121,2.3,46.17,,,,2.4,0.6,0.12,4.02,15517,,3.05,1413446,26.94,0,64.96,,36120,271.14,213000000,472690.97,29.6
Guyana,74,5,90,,3410,89,89,739,-0.1,28,27,31,2.4,94,34.6,28,1738,366,264,5.5,239,251,86,526,160,24,57,53,41,51,3.84,93,,65.82,8.84,31.03,138000000,,7000000,0.27,1.95,37.5,34.6,6,,17,163.1,151040,60,123.89,-2.37,3232,43.2,47,21.3,66.01,,,,7.2,4.8,0.48,0.79,12308,3.5,0.06,765283,122.9,0.31,98.55,,214970,1491.25,736000000,208531.11,28.2
Haiti,75,5,69,,1070,22,21,9446,1.6,39,21,38,3.7,26,32,8,834,1949,96,8,236,329,112,402,188,51,44,43,55,65,8.3,58,,48.84,57.69,27.92,502000000,,,,0.22,5.9,32,5,36.9,9.14,23.57,1050,27.61,41.61,0.54,1175,59.21,63,7,60.22,,,,10.1,0.4,0.25,,110385,,1.59,8121622,27.39,0.88,94.41,,27750,1766.05,3740000000,3606961,38.8
Honduras,76,5,108,80,3420,97,96,6969,2,47,20,39,3.4,67,65.2,10,8528,3676,241,7.4,133,229,139,348,51,10,61,56,20,25,2.92,84,,96.86,26.24,13.93,679000000,,,,1.04,17.8,65.2,7,625.69,,65.25,46480,91,62.39,1.79,3266,53.84,24,3.6,69.79,80.22,79.79,80.01,14.7,5.9,0.57,0.59,28477,1.6,1.95,7167902,81.84,0.89,108.77,104.63,112090,7430.59,7100000000,3177861.2,46.5
Hungary,78,2,21,,16970,88,89,10058,-0.3,67,39,15,1.3,100,,79,92171,30575,1382,7.6,104,249,201,364,,3,68,62,5,6,13.6,100,39.8,19.99,65.44,4.33,303000000,68000000,13000000,6.46,5.63,92.3,77.4,10,3771.37,23.32,63.58,19760,855,67.31,4.32,17014,30.06,6,29.7,72.97,,,,78.66,22.69,3.2,1.44,3188,14.6,-0.2,10000000,93.92,1.3,98.99,,93030,56370.64,59300000000,6687714,66.3
Iceland,79,2,16,,33740,97,98,298,0.9,93,35,22,2,,,75,2960,1120,3319,9.3,49,68,136,164,50,0,74,72,2,3,6.99,100,26.3,15.74,22.75,5.83,,5000000,,26.29,7.36,103.4,,,27986.52,24.83,,460,5154,44.22,3.88,35630,,2,62.2,81.43,,,,25.06,22.95,3.62,0,350,47.1,1.58,296737,99.2,1.16,99.7,,103000,2183.74,10400000000,275384,92.8
India,80,7,97,61,2460,87,90,1151751,1.5,29,24,33,2.9,47,56.3,,1372059,645825,109,4.9,203,276,109,428,,28,54,53,58,57,0.29,89,18.6,64.65,60.6,18.3,1730000000,4000000,1400000000,0.12,1.3,8.2,56.3,9,480.49,9.21,15.39,677010,36,23.29,7.75,2126,36.8,59,5.4,64.24,47.84,73.41,61.01,7.9,1.7,0.6,2.75,2531133,1.2,1.37,1080000000,84.85,1.01,91.37,80.47,3287260,1402359.4,644000000000,314000000,28.7
Indonesia,81,6,54,90.4,3310,94,97,228864,1.2,49,27,28,2.2,66,60.3,,179959,29499,87,2.2,192,231,132,361,2,38,59,57,25,28,0.09,80,35.4,42.79,26.39,13.07,2520000000,8000000,21000000,0.05,1.92,21.1,56.7,8,509.32,2.65,47.87,884950,26,29.31,4.17,3234,39.41,28,7.2,70.13,86.8,94.04,90.38,18.6,6.3,0.13,1.19,202141,1.4,1.36,218000000,99.43,0.57,97.3,99.67,1904570,419593.94,208000000000,106000000,48.1
"Iran (Islamic Republic of)",82,1,35,82.4,9800,100,91,70270,1.2,67,24,28,2,97,73.8,17,111107,61870,731,7.8,106,170,113,466,2,3,59,56,26,34,0,94,17.6,21.97,29.25,10.4,104000000,0,327000000,0.03,6.64,10.4,73.8,-6,2116.55,9.76,11.24,110750,212,29.81,,10692,38.35,,10.9,,76.8,88.01,82.44,6.7,2.1,,4.72,76484,10.5,1.48,,96.13,0.09,105.04,98.6,1745150,451573.34,133000000000,46200000,66.9
Iraq,83,1,17,74.1,,82,95,28506,1.8,67,19,41,4.4,89,49.8,13,38001,19010,124,3.8,187,607,112,508,,11,51,49,34,39,0.21,77,14.2,46.18,22.89,8.57,22100000000,,161000000,,3.24,2.2,49.8,-9,1195.48,,,8220,59,,21.22,3200,,37,0.1,58.92,64.17,84.09,74.05,21.1,6.2,0.66,,,0.8,2.84,26100000,74.96,0.03,77.6,90.53,438320,84532.14,19100000000,18700000,66.9
Ireland,84,2,19,,34730,95,94,4221,1.9,61,34,21,2,100,,56,81901,12394,3082,7.5,56,88,151,214,10,1,72,68,3,4,13.69,,26.3,17.37,61.36,2.08,,,4000000,7.75,10.55,102.9,60,10,6233.56,14.27,,6690,3993,68.6,3.2,38058,34.28,4,33.8,78.61,,,,35.14,16.81,2.79,0.57,4844,49.7,2.2,4015676,96.52,1.34,103.32,,70270,42348.51,125000000000,2516255.5,60.5
Israel,85,1,15,,23840,97,96,6810,1.7,92,29,28,2.8,,,60,42609,25138,2263,7.8,48,89,133,136,,1,72,70,4,4,2.47,100,24.6,14.74,23.89,,479000000,259000000,1090000000,17.76,10.13,112.4,,10,6759.06,22.31,,1710,1533,44.34,3.35,23846,39.2,4,24.4,80.48,,,,28.12,9.11,3.82,9.65,4609,73.4,1.75,6276883,101.2,1.47,100.29,,22070,63607.04,127000000000,6342017.5,91.6
Italy,86,2,7,98.4,28970,98,99,58779,0.2,68,42,14,1.4,99,,40,419523,215000,2623,9,44,83,134,174,5,1,75,71,3,4,8.02,,26.1,6.57,49.96,2.19,,796000000,129000000,11.64,7.78,123.1,60.2,10,5668.74,24.86,,99790,2692,26.13,-0.77,27750,36.03,4,48.2,80.86,98.04,98.82,98.42,44.23,8.75,4.2,1.89,,31.3,0.74,58100000,99.76,1.56,98.86,100.02,301340,452108.28,1130000000000,39600000,67.6
Jamaica,87,5,65,79.9,7050,90,90,2699,0.6,53,25,31,2.5,97,69,17,4374,2253,240,5.1,130,224,151,326,49,1,66,64,24,28,1.74,93,15,82.3,47.37,5.69,39200000,,13000000,1.7,3.71,105.8,69.1,9,2474.29,14.64,72.2,3390,170,60.86,1.32,7132,45.51,26,46.5,72.44,85.9,74.1,79.9,22.1,5.5,0.85,0.57,25807,6.2,0.47,2735520,82.28,0.82,101.19,,10990,10152.94,8740000000,1409539.5,53.1
Japan,88,6,6,,32840,100,100,127953,0,66,43,14,1.3,100,52,141,1210633,270371,2514,7.9,44,89,119,106,1,3,78,72,3,3,7.59,100,29.4,3.45,12.87,1.5,,32000000,305000000,17.51,9.65,75.3,55.9,10,8232.58,22.72,,248680,2936,12.95,2.59,30290,24.85,3,66.6,82.27,,,,30.22,8.04,2,0.97,9155,54.1,0.01,127000000,101.92,1.09,100.2,,377910,1230026.8,4990000000000,84100000,65.8
Jordan,89,1,30,91.1,4820,90,89,5729,3.3,83,21,37,3.2,100,55.8,19,18439,13460,611,9.9,118,184,144,384,,1,62,60,21,22,0.31,98,36.5,25.59,11.47,3.09,668000000,15000000,32000000,0.45,3.56,55,55.8,-2,1675.51,14.56,59.11,830,241,94.04,4.85,4294,38.84,22,12.6,72.22,87.01,95.18,91.13,15.3,3.2,2.03,5.33,,5.3,2.27,5759732,100.24,0.86,100.98,100.09,88780,20503.74,11400000000,4453664.5,82.3
Kazakhstan,90,2,26,99.5,8700,90,90,15314,0.7,58,29,24,2.2,100,,78,113098,57514,330,3.7,191,436,167,713,10,17,59,53,22,29,2.96,96,26.6,29.77,76.9,6.79,225000000,5000000,72000000,0.02,11.91,36.4,50.7,-6,3206.37,9.81,83.81,33370,148,44.73,8.74,8699,33.91,27,4.1,66.47,99.29,99.76,99.51,52.04,7.42,3.54,1.04,9532,,0.89,15200000,107.13,0.7,98.87,100.06,2724900,180924.66,30000000000,8679260,57.3
Kenya,91,3,116,73.6,1470,76,75,36553,2.6,21,18,43,5,42,39.3,14,37113,4506,105,4.6,404,432,139,401,409,26,45,44,70,88,1.51,57,14.7,103.81,47.48,26.78,767000000,,25000000,,0.33,13.5,39.3,8,138.43,21,33.54,35220,24,35.23,3.38,1359,42.5,79,3.2,53.33,70.23,77.65,73.61,4.1,2.1,0.14,1.66,1424359,1.4,2.63,33800000,92.62,1.12,95.8,101.12,580370,11090.93,15200000000,7368983,20.7
Kiribati,92,6,,,6230,98,96,94,1.7,42,,32,4.2,90,,15,260,20,290,12.7,177,311,52,273,,45,56,52,44,51,0.45,65,,,45.68,7.19,27800000,,6000000,,0.25,0.61,20.9,,,13.57,,20,118,89.06,-0.9,3377,,48,2.2,,,,,,,0.3,,,0.9,1.21,103092,124.81,,106.62,,810,25.65,51900000,46926,47.4
"Korea, Dem. Rep.",93,6,0,,,,,23708,0.4,62,32,24,1.9,97,68.6,,93414,74597,49,3.5,166,233,102,371,,14,60,58,41,43,3.26,100,,1.46,25.33,,86800000,11400000,5000000,,3.61,,62,-9,816.92,,,61870,0.23,,,1596.68,,42,,67.14,,,,21.5,5.15,1.97,,1355,,0.43,22900000,,0.71,,,120540,82615.88,,14500000,61.6
"Korea, Rep.",94,6,2,,22990,93,100,48050,0.4,81,36,18,1.2,100,,86,92061,75045,1487,6.5,47,119,169,186,10,10,71,65,4,5,7.87,92,29.7,3.68,19.05,3.41,-68100000,39000000,627000000,25.24,9.3,79.4,80.5,8,7778.62,19.19,,62650,973,39.91,3.51,21342,31.59,5,68.3,78.23,,,,40.27,10.37,1.6,2.57,11153,54.5,0.44,48600000,104.06,1.65,95.5,,99260,452218.22,639000000000,39000000,80.8
Kuwait,95,1,15,93.3,48310,83,84,2779,2.9,98,29,24,2.2,100,,19,9940,4840,535,2.2,52,68,78,309,,2,67,67,9,10,0.03,,,13.59,8.64,0.46,2600000,99000000,21000000,0.99,40.07,88.6,50.2,-7,15345.23,11.43,,60,687,30.35,5.25,44947,,10,26.1,77.42,91.04,94.45,93.27,12.28,3.08,1.53,4.84,,17.6,3.04,2335648,100.27,0.22,101.89,100.1,17820,93585.89,52200000000,2492343.5,98.3
Kyrgyzstan,96,2,27,98.7,1790,85,86,5259,1.1,36,24,30,2.5,98,,51,30824,12710,127,6.4,164,309,106,602,10,18,58,52,32,39,3.63,89,24.7,31.36,56.02,31.95,268000000,92000000,3000000,0.05,1.08,10.3,47.8,3,1842.13,7.57,85.01,8690,29,56.78,,1728,30.31,,5.3,,98.13,99.31,98.7,22.15,4.08,,3.07,3368,1.7,0.99,,96.74,0.64,100.16,100.09,199900,5565.62,1650000000,1841373,35.8
"Lao People's Democratic Republic",97,6,110,68.7,1740,81,86,5759,1.7,21,20,39,3.3,19,32.2,12,5600,2000,85,3.6,294,324,150,476,10,23,47,47,51,67,6.91,60,40.5,78.65,8.49,44.31,296000000,,4000000,0,0.23,10.8,32.2,-7,,9.11,102.77,161420,18,30.89,,1811,34.65,,0.4,,60.9,77.01,68.73,16.9,6,,2.07,3495,0.4,1.61,,72.07,0.86,84.1,90.42,236800,1432.62,2350000000,1166765.5,20.6
Latvia,98,2,16,99.7,14840,92,89,2289,-0.6,68,40,14,1.3,100,,76,12840,7200,974,6,123,323,156,482,50,8,68,58,7,8,9.61,99,39.4,15.33,27.84,3.97,162000000,8000000,7000000,2.64,2.82,81.1,48,8,2702.46,20.66,92.18,29410,443,62.23,10.84,13218,35.75,8,44.6,71.25,99.71,99.79,99.75,56.63,6.04,3.01,1.71,9870,21.9,-0.53,2290237,92.17,1.2,99.16,100.07,64590,6452.3,11600000000,1559739,67.8
Lebanon,99,3,18,,9600,82,82,4055,1.1,87,27,28,2.2,98,,36,4720,8440,608,8.9,133,193,90,453,10,1,62,59,24,29,3.24,100,18.1,25.72,37.93,6.44,244000000,45000000,1000000,3.24,4.41,27.8,58,7,2241.98,8.32,107.9,1360,460,41.74,-0.03,10212,,27,19.6,71.75,,,,29.1,4.6,3.25,4.65,2766,11.3,1.15,3826018,81.48,0.74,102.15,,10400,16891.04,20500000000,3473300.8,86.6
Lesotho,100,3,98,82.2,1810,74,71,1995,0.7,19,19,40,3.5,55,37.3,13,1123,89,143,6.7,663,798,139,404,1282,42,33,30,96,108,1.82,78,,79.91,76.9,17.03,68600000,,1000000,0,,13.9,37.3,8,,25.09,38.38,80,69,100.02,1.38,1415,63.2,102,2.9,43.09,90.3,73.7,82.22,11.3,1.6,0.05,2.36,265042,,0.76,2031348,62.3,0.89,103.9,,30350,,982000000,370415.4,18.7
Liberia,101,3,,60,260,39,40,3579,3.9,59,16,47,6.8,51,,,1035,103,39,5.6,415,498,169,485,,63,37,34,139,174,3.82,64,,221.95,27.01,65.97,233000000,,8000000,,0.16,4.9,10,5,,,619.18,31540,10,52.03,3.93,383,,157,0,45.2,45.72,58.26,51.94,1.6,0.6,0.03,7.5,29353,,2.75,2900269,,0.79,72.7,106.36,111370,472.66,444000000,1999683.5,58.1
"Libyan Arab Jamahiriya",102,1,7,85,11630,91,95,6039,2,85,25,30,2.8,100,,37,27160,7070,270,2.9,107,176,79,411,,1,65,62,17,17,0.01,71,,3.45,8.86,,24200000,24000000,5000000,,9.73,5,45.2,-7,3299.47,2.97,,2170,223,36.36,1.53,10804,,18,4,73.65,74.82,92.84,84.16,10.1,2.1,1.29,1.8,,2.3,2.03,5765563,,0.13,107.85,96.92,1759540,56099.5,40400000000,5018648,84.8
Lithuania,103,2,19,99.6,14550,89,90,3408,-0.5,66,38,16,1.3,100,,80,26140,13510,1041,6.2,113,333,161,391,10,7,68,59,6,7,9.89,,33,19.66,45.26,5.66,250000000,3000000,12000000,6.86,3.89,127.1,46.6,10,3104,15.03,52.36,20990,448,65.38,8.14,14085,35.83,7,25.8,71.56,99.65,99.64,99.65,55.21,4.71,3.97,1.19,2078,15.5,-0.62,3596617,91.02,1.08,99.51,100.08,65300,13974.5,16600000000,2273923.8,66.6
Luxembourg,104,2,11,,60870,98,96,461,1,83,38,18,1.7,100,,63,4418,1255,5773,7.2,55,109,134,177,50,1,74,69,3,3,15.56,100,34.7,10.54,49.81,0.42,,,1000000,15.35,24.15,154.8,,,15970.76,20.66,,870,6330,137.97,3.26,70014,30.76,4,67.7,79.57,,,,44,7.97,2.7,0.81,554,62.1,0.75,468571,80.82,0.76,103.19,,2590,11314.43,23800000000,378155.53,82.8
Macedonia,106,2,23,96.1,7850,92,92,2036,0.1,70,35,19,1.5,98,13.5,46,8833,5187,623,8.2,80,160,145,504,10,5,65,62,13,16,5.69,100,,22.84,48.84,12.78,229000000,29000000,130000000,0.61,5.02,62,,,3417,,38.94,9060,224,61.96,3.78,7393,38.99,15,7.9,,94.06,98.21,96.13,42.24,5.48,2.19,2.18,,6.8,0.16,2045262,97.22,1.23,98.55,99.49,25710,10270.19,3840000000,1401188.2,68.9
Madagascar,107,3,154,70.7,870,96,96,19159,2.7,27,18,44,4.9,45,27.1,3,5661,5201,34,3.2,232,303,147,430,16,45,50,47,66,78,1.59,47,,139.45,70.23,28.16,914000000,,19000000,,0.16,2.7,27.1,7,,8.43,69.86,128380,9,41.01,1.83,988,47.45,74,0.5,58.9,65.26,76.53,70.68,3.5,2.1,0.29,1.07,12198,0.5,2.76,18000000,57.62,1.15,95.98,93.85,587040,2813.95,4340000000,4996213,26.8
Malawi,108,3,160,64.1,690,94,88,13571,2.6,18,16,47,5.7,54,41.7,11,7264,266,70,12.3,514,554,150,430,605,21,35,35,72,80,1.41,76,15,144.7,48.79,32.92,578000000,1000000,2000000,0,0.08,3.3,41.7,6,,13.53,113.13,34020,19,37.05,0.36,691,39,79,0.4,47.48,54,74.93,64.13,2.4,0.4,0.02,0.54,899632,0.2,2.54,12700000,56.17,1.17,98.87,86.12,118480,992.94,1990000000,2274887.8,17.2
Malaysia,109,6,12,88.7,12160,100,100,26114,1.8,68,25,31,2.7,100,,19,43380,17020,500,4.3,109,197,139,274,16,14,65,62,9,11,1.06,99,28.8,13.55,23.95,8.35,27600000,8000000,16000000,1.98,10.01,75.2,54.5,3,3261.61,14.54,39.86,208900,222,100,3.28,11466,49.15,10,42.4,73.94,85.35,91.97,88.69,27.9,10.1,0.7,2.27,68561,19.2,1.82,24000000,95.07,0.53,104.86,100.06,329740,239834.45,112000000000,17300000,67.3
Maldives,110,7,8,96.3,4740,97,97,300,1.7,30,22,33,2.6,84,39,23,886,302,882,10.1,90,115,123,484,,4,57,59,23,29,,83,28.2,24.44,46.67,,77000000,,0,1.1,2.05,87.9,39,,,23.77,50.72,10,316,83.3,-7.5,4017,,28,5.8,67.74,96.44,96.21,96.33,,,0.92,,17,11,1.61,349106,138.16,,101.77,100.27,300,714.48,798000000,87407.91,29.6
Mali,111,3,192,24,1000,54,67,11968,3,31,16,48,6.6,41,8.1,3,8338,1053,65,6,393,472,166,456,81,63,38,37,109,129,0.5,60,11.2,186.94,32.35,36.58,699000000,,13000000,,0.05,7.7,8.1,6,,24.46,59.33,125720,28,37.31,2.98,1027,40.1,120,0.5,53.8,15.9,32.7,24,2.8,0.1,0.08,2.26,97146,0.4,3.03,11400000,44.11,1.22,72.73,52.28,1240190,564.26,3290000000,3541382.5,30.5
Malta,112,1,17,87.9,20990,91,92,405,0.5,96,38,17,1.4,100,,76,2411,1564,1825,8.3,47,75,124,214,50,1,73,70,4,6,6.02,100,28.7,13.93,31.25,3.17,6190000,10000000,18000000,11.07,6.4,80.8,,,4916.98,13.88,,,1235,82.95,1.94,20410,,5,31.7,79.23,89.24,86.43,87.87,41.35,4.53,3.18,0.69,191,31.5,0.55,398534,96.37,0.87,99.18,103.65,320,2550.14,3880000000,384535.5,95.3
"Marshall Islands",113,6,,,8040,66,67,58,2.2,66,,32,3.9,95,,,152,24,607,15.3,264,314,125,526,,28,56,54,44,56,,88,,,,,,,,,,,,,,,,,,,,,,,,,,,,,,,,,,,,,,,,,,,,
Mauritania,114,3,88,51.2,1970,82,78,3044,2.7,41,20,40,4.5,53,8,4,1893,313,45,2.2,243,335,158,451,50,67,46,43,68,87,0.01,60,13.1,90.88,38.58,23.67,196000000,,15000000,0.01,0.53,24.3,8,-5,,9.99,121.8,2670,17,95.71,2.41,1691,39.02,78,0.7,63.68,43.42,59.54,51.21,2.4,0.6,0.11,3.77,13005,1.4,2.77,3086859,46.01,0.97,102.79,81.92,1030700,1630.48,1320000000,1197094.4,40.4
Mauritius,115,3,36,84.3,10640,96,94,1252,0.8,42,31,24,1.9,99,75.9,30,4604,1303,581,4.3,108,212,79,434,10,3,65,60,11,14,3.03,100,18.5,40.01,55.67,6.09,34200000,,1000000,0.25,2.77,52.8,75.9,10,,11.79,34.26,370,218,60.9,3.74,10155,,13,24.1,72.59,80.5,88.23,84.3,15.87,4.95,1.06,0.2,9359,16.2,0.8,1230602,97.22,0.74,99.56,101.75,2040,3407.52,5470000000,527139.25,42.4
Mexico,116,4,94,91.6,11990,97,98,105342,1,76,26,30,2.3,94,70.9,10,88678,195897,756,6.2,89,155,88,163,6,2,68,63,26,32,4.57,95,24.7,66.88,55.3,3.83,189000000,,25000000,1.86,3.97,44,73.7,8,1898.61,14.94,22.26,642380,474,31.53,1.92,11317,46.05,30,16.9,75.87,90.21,93.19,91.63,12.5,4.96,1.5,0.42,195048,10.7,1.01,106000000,102.83,0.74,98.94,99.98,1964380,421517.56,635000000000,78300000,76
"Micronesia (Federated States of)",117,6,44,,6070,,,111,0.5,22,20,38,3.9,88,,33,250,60,491,12,162,194,93,410,,12,58,57,33,33,1.23,94,,,,,,,,,,,,,,,,,,,,,,,,,,,,,,,,,,,,,,,,,,,,
Moldova,118,2,29,99,2660,88,88,3833,-1.1,47,33,19,1.4,100,67.8,63,26029,11153,190,7.8,151,325,116,619,33,19,62,57,13,20,13.18,90,26,33.91,76.6,19.48,191000000,4000000,6000000,0.27,1.81,25.9,67.8,8,1427.78,,61.34,3290,58,91.67,7.41,2362,33.22,17,13.1,68.63,98.61,99.58,99.06,28.48,5.05,2.64,0.34,5688,2.6,-1.24,4455421,92.11,0.45,101.72,100,33840,8053.47,1810000000,1810400.6,46.7
Monaco,119,2,,,,,,33,0.3,100,,18,1.8,,,,464,186,7154,4.6,54,117,120,115,,0,75,71,2,4,,,,,,,,,,,,,,,,,,,,,,,,,,,,,,,,,,,,,,,,,,,,,,
Mongolia,120,6,28,97.8,2810,93,90,2605,0.9,57,25,28,1.9,99,69,64,8826,6732,149,5.1,182,325,306,488,10,15,58,53,31,38,2.83,72,26.3,46.78,83.28,24.65,221000000,,,0.07,3.15,21.1,66,10,,14.04,58.82,102520,35,68.22,4.6,2643,32.8,36,10.1,66.36,97.53,98.02,97.77,27.6,13,2.63,1.29,477,11.9,1.55,2791272,93.37,0.88,108.28,101.48,1566500,8789.94,1250000000,1448118,56.7
Montenegro,121,2,16,,8930,,,601,-1.1,61,35,19,1.8,99,,41,3436,1233,117,6.8,94,175,,,,4,,,9,9,,98,,,,,,,,,,,,,,,,,,,,,,,,,,,,,,,,,,,,,,,,,,,,
Morocco,122,1,35,52.3,3860,85,91,30853,1.2,59,25,30,2.4,63,63,9,24328,15991,273,5.1,90,147,67,411,4,8,61,59,29,40,0.45,83,15,19.45,68.1,13.34,694000000,,96000000,0.83,1.47,40.9,63,-6,643.54,22.93,28.57,43640,89,37.78,0.55,3547,39.5,36,15.2,70.78,39.62,65.71,52.31,19.6,1.9,0.51,3.92,18323,2.1,1.01,32700000,80.3,1.22,87.35,74.86,446550,48005.73,40900000000,17700000,58.7
Mozambique,123,3,185,38.7,660,73,79,20971,2.1,35,18,44,5.2,48,16.5,8,6183,514,56,4.7,453,505,124,371,707,63,38,36,93,99,0.52,42,12.8,160.07,61.84,26.93,1280000000,,1000000,,0.1,7.6,16.5,6,450.16,14.99,76.07,192620,14,42.3,5.7,743,47.29,100,0.9,42.57,24.96,54.82,38.71,1.7,1.2,0.03,0.000947,1349026,0.6,2.24,19400000,41.67,1.15,83.02,61.48,799380,1879.63,5700000000,7083773,34.5
Myanmar,124,6,29,89.9,510,100,99,48379,0.9,31,27,27,2.1,57,37,7,49341,17791,43,2.3,225,327,115,432,73,12,53,50,64,83,0.33,80,30.2,17.42,17.14,57.23,145000000,,25000000,0.000507,0.24,0.3,34.3,-8,81.64,2.66,,322220,4,1.05,3.93,831,,75,0.1,61.53,86.37,93.86,89.89,25.5,11.8,0.36,1.3,266536,0.6,0.84,47000000,91.16,0.66,101.01,97.62,676580,11314.43,,14700000,30.6
Namibia,125,3,88,85,4770,79,74,2047,1.3,36,20,38,3.3,76,43.7,33,6145,598,338,4.9,311,367,146,385,837,54,44,43,39,51,5.97,93,24.9,63.55,47.15,12.08,115000000,,13000000,,1.26,24.4,43.7,6,1427.95,20.04,,76610,165,51.14,2.38,4547,74.33,46,4,52.55,83.49,86.77,85.04,5.9,2.2,0.3,3.01,181699,10.9,1.29,2030692,77.85,0.87,103.43,102.55,824290,2553.81,4260000000,708906.6,35.1
Nauru,126,6,,,,,,10,0.2,100,,32,3.1,100,,59,63,10,803,10.8,303,448,138,666,,15,57,53,28,23,0.87,,49.2,,,,,,,,,,,,,,,,,,,2500,,,,,,,,,,,,,,,,,,,,,,,,
Nepal,127,7,106,48.6,1010,74,84,27641,2,16,20,38,3.4,19,48,2,11825,5384,78,5.7,280,292,118,436,19,22,51,52,46,46,0.19,89,30.6,117.61,29.52,35.67,425000000,,4000000,,0.11,0.8,48,-6,69.54,12.41,38.98,36360,16,29.48,0.66,1081,47.17,49,0.8,63.17,34.89,62.66,48.59,11,2.2,0.21,2.12,65707,0.5,2.01,27700000,74.69,0.94,89.52,74.61,147180,3125.39,6350000000,4280797.5,15.8
Netherlands,128,2,7,,37940,97,99,16379,0.3,81,39,18,1.7,100,,50,239172,60519,3383,9.3,59,81,155,171,10,1,73,70,4,5,9.68,100,34.3,4.95,56.7,2.18,,877000000,121000000,25.12,7.66,97.2,75,10,6987.75,17.9,,3650,3560,62.22,0.9,34724,30.9,4,74,79.65,,,,49.33,18.1,3.1,1.52,16087,68.5,0.23,16400000,99.57,1.7,97.71,,41530,125759.47,403000000000,13100000,80.2
"New Zealand",131,6,27,,25750,99,99,4140,1,86,36,21,2,95,,60,34538,8190,2447,9.4,59,91,139,175,,1,72,69,4,6,9.68,97,28.6,24.32,64.51,7.3,,1000000,8000000,8.01,7.42,87.6,74.9,10,9656.02,19.34,,83090,2403,30.45,0.97,24554,36.17,5,68.3,79.94,,,,29.74,18.06,2.2,1,1120,49.3,1.13,4035461,92.91,0.98,103.81,,267710,29945.87,62700000000,3563421.8,86.2
Nicaragua,132,5,119,76.7,2720,90,90,5532,1.3,59,21,37,2.8,67,68.6,9,5862,2045,251,7.8,138,224,120,305,10,7,63,60,26,32,2.48,79,,115.36,43.87,19.07,740000000,5000000,1000000,0.19,0.72,19.2,68.6,8,414.09,9.33,108.78,51890,75,58.77,3.45,2611,43.11,30,2.4,72.38,76.6,76.76,76.68,5.52,2.32,0.37,0.7,6617,3.5,1.27,5465100,73.73,0.67,101.96,106.2,130000,3913.15,4580000000,3222898,59
Niger,133,3,199,28.7,630,37,50,13737,3.5,17,16,48,7.3,18,11.2,,2818,296,27,4,439,507,169,456,54,35,35,36,144,152,0.05,42,,205.98,30.39,39.86,511000000,,3000000,0,0.09,2.3,11.2,6,,34.34,58.29,12660,9,24.03,1.07,613,50.54,150,0.2,56.27,15.08,42.93,28.67,4.6,0.4,0.03,1.11,55139,0.1,3.5,12200000,29.61,1.14,69.92,44.23,1267000,1058.9,2200000000,2228384,16.8
Nigeria,134,3,126,69,1410,59,68,144720,2.4,49,18,44,5.5,35,12.6,5,210306,34923,50,4.1,399,447,157,452,167,67,42,41,92,105,10.57,47,7.1,136.66,81.25,23.35,6420000000,6000000,72000000,0.000354,0.89,14.1,12.6,4,126.6,,26.63,110890,27,35.36,4.65,1892,43.7,100,3.8,46.8,60.07,78.16,69.12,1.1,0.4,0.28,0.68,2512449,0.7,2.4,129000000,75.56,0.51,82.97,93.55,923770,114298.48,60000000000,68100000,48.2
Niue,135,6,,,,98,99,2,-2.2,33,,34,,100,,49,22,4,298,13.6,81,236,74,339,,9,62,59,14,51,9.47,100,,,,,,,,,,,,,,,,,,,,,,,,,,,,,,,,,,,,,,,,,,,,
Norway,136,2,8,,50070,98,98,4669,0.6,77,38,19,1.8,,,41,75326,17523,4521,8.7,53,86,137,181,10,1,74,70,3,4,5.5,100,32,8.86,3.4,1.6,,12000000,12000000,21.44,11.52,102.9,,10,25137.46,20.33,,93870,5910,28.12,1.57,47551,25.79,3,58.5,80.29,,,,31.95,15.8,3.1,1.62,2506,57.8,0.68,4593041,98.52,1.8,100.55,,323800,52915.49,185000000000,3578434.2,77.4
Oman,137,1,11,81.4,19740,75,73,2546,1.6,71,23,33,3.1,98,,21,9516,4290,382,2.3,90,160,105,409,,1,65,63,9,10,0.26,82,13.1,11.32,5.83,1.86,-5460000,1000000,100000000,0.33,10.48,51.9,31.8,-8,3756.62,15.37,13.47,20,312,35.94,2.19,20334,,10,11.1,75.28,73.53,86.86,81.36,8.8,2.2,1.32,11.84,,4.9,1.14,3001583,94.26,0.31,97.89,98.77,309500,31444.45,22700000000,1792535,71.5
Pakistan,138,7,24,49.9,2410,57,73,160943,1.8,35,21,36,3.6,54,27.6,12,70698,126350,51,2,194,218,107,425,2,34,52,54,71,85,0.01,90,21.1,30.16,35.12,21.47,1630000000,17000000,,0.03,0.83,8.3,27.6,-5,456.22,,29.68,19020,15,19.56,5.22,2396,31.18,79,6.8,65.01,35.37,64.06,49.87,18.6,2.6,0.74,4.15,81200,0.4,2.41,162000000,61.5,1.01,76.54,69.26,796100,134300.25,93200000000,54400000,34.9
Palau,139,6,,,14340,94,98,20,0.5,70,,32,2.5,100,,59,121,30,1084,10.7,230,225,92,396,,4,60,59,11,9,,89,24,,,,,,,,,,,,,,,,,,,,,,,,,,,,,,,,,,,,,,,,,,,
Panama,140,5,84,91.9,8690,98,99,3288,1.7,72,26,30,2.6,91,,18,8158,4431,721,7.3,81,134,108,182,50,3,68,64,16,20,5.98,92,,85.16,29.96,8.05,19600000,,0,0.54,1.87,52.5,,9,1499.61,9.66,67.85,42940,351,68.67,4.53,8399,56.08,19,6.4,75.33,91.25,92.55,91.9,12.62,5.13,1.5,0.98,18481,4.1,1.75,3140232,96.65,0.7,100.74,99.06,75520,5884.38,14300000000,2287903.5,70.8
"Papua New Guinea",141,6,77,57.3,1630,,,6202,2.2,13,20,40,4,38,,,2841,275,134,3.2,243,303,118,442,56,46,52,51,51,58,1.62,40,,58.56,2.35,41.82,266000000,,12000000,,0.8,1.3,25.9,10,,,41.36,294370,34,62.75,1.28,1747,50.9,55,1.8,57.08,50.92,63.45,57.34,2.1,1.3,0.05,0.61,32093,6.3,2.24,5545268,51.53,0.94,79.61,92.66,462840,4437.1,3700000000,813341.1,13.4
Paraguay,142,5,65,93.2,4040,95,94,6016,1.9,59,22,35,3.2,100,72.8,13,10261,6355,342,7.6,101,162,141,291,10,11,64,60,17,22,3.73,77,24,76.3,61.06,22.07,50800000,,1000000,0.09,0.61,30.6,72.8,8,848.67,13.21,43.98,184750,92,53.93,1.01,3900,58.36,20,3.3,71.5,92.69,94.29,93.49,19.7,4.8,1.11,0.75,18015,5.9,1.89,6347884,94.42,0.97,98.67,100.35,406750,3876.51,8030000000,3450710.8,58.5
Peru,143,5,59,87.9,6490,97,96,27589,1.1,73,25,31,2.5,73,71.3,9,17108,29799,300,4.3,118,153,175,190,20,16,62,60,20,23,3.83,84,,61.56,16.65,7.2,477000000,5000000,368000000,1.29,1.33,20,45.8,9,847.61,6.64,38.58,687420,125,19.17,4.9,6466,52.02,23,16.4,71.04,82.45,93.72,87.91,11.6,7.1,1.17,1.37,70233,9.7,1.16,27900000,99.89,1.22,100.99,98.33,1285220,37006.4,65400000000,19800000,72.6
Philippines,144,6,55,92.6,3430,92,90,86264,2,63,22,36,3.3,60,48.9,13,480910,90370,223,3.3,157,277,91,336,10,45,62,57,20,28,3.51,93,26,48.69,40.92,14.35,564000000,,14000000,0.15,0.85,41.3,48.9,8,588.07,9.17,57.77,71620,37,51.79,3.16,2932,44.53,25,5.5,71.34,93.56,91.63,92.59,46.6,12.6,1.16,0.88,6955,4.5,2.03,87900000,95.91,0.76,102.79,103.21,300000,74958.11,94400000000,53000000,62.7
Poland,145,2,14,,14250,96,96,38140,-0.1,62,37,16,1.2,100,,52,199622,76046,910,6.2,79,209,180,324,10,3,68,63,5,7,8.09,,35.6,13.74,51.92,4.64,1520000000,103000000,97000000,2.48,7.84,75.7,49.4,10,3437.32,22.81,33.85,91920,495,37.53,3.41,13573,34.91,6,25.9,75.15,,,,68.73,13.59,2.5,1.94,18492,19.1,-0.04,38600000,97.44,1.3,99.44,,312690,302389.9,199000000000,23700000,62.1
Portugal,146,2,19,93.9,19960,98,98,10579,0.5,58,39,16,1.5,100,67.1,37,48979,36138,2080,10,53,133,140,208,10,3,72,67,3,4,11.54,99,35.8,14.63,40.22,2.73,,1000000,391000000,11.25,5.9,109.1,,10,4662.52,23.25,,37830,1800,37.15,-0.08,20006,38.45,4,27.2,78.18,91.99,95.84,93.83,28.87,5.35,3.3,2.26,32246,13.3,0.45,10600000,104.08,1.56,101.72,100.07,92120,62357.62,116000000000,6076483,57.6
Qatar,148,1,19,89,,94,93,821,3.1,96,31,21,2.7,100,,25,4880,2150,1426,4.3,64,72,75,340,,7,64,67,9,10,4.4,100,,18.34,6.45,,2180000,9000000,12000000,3.16,57.72,92.2,43.2,-10,16801.35,,,,2186,33.45,1.38,68696,,18,28.2,75.26,88.61,89.1,88.96,18.5,4.2,2.22,,,17.9,4.09,863051,93.91,0.16,99.08,102.8,11000,49815.74,,759561.44,95.4
Romania,149,2,33,97.3,10150,93,93,21532,-0.4,54,37,15,1.3,99,70,65,90698,41455,610,5.7,95,218,141,479,,17,65,61,13,15,9.74,88,32.6,33.74,63.11,10.14,914000000,24000000,594000000,3.47,3.99,61.8,70.3,9,2341.92,9.91,40.82,63700,250,43.31,4.34,9374,31.54,16,22.1,72.19,96.27,98.4,97.3,47.02,7.81,1.9,1.97,15151,11.3,-0.23,22300000,98.9,1.26,100.27,100.04,238390,89075.51,48900000000,11600000,53.7
Russia,150,2,28,99.4,12740,91,91,143221,-0.5,73,37,15,1.3,100,,97,1214292,614183,638,5.3,158,432,152,688,,16,64,53,9,12,10.32,97,48.5,28.64,13.17,5.54,1320000000,6450000000,40000000,1.11,10.48,83.6,72.8,7,5784.97,,30.73,8087900,277,21.55,,11861,39.93,,15.2,,99.23,99.69,99.44,56.75,5.77,,4.07,909316,13.2,-0.49,,94.14,0.77,99,100.09,17100000,1503302.5,350000000000,104000000,73
Rwanda,151,3,44,64.9,730,81,76,9464,2.5,20,18,43,6,28,17.4,16,3647,432,210,10.4,360,414,150,425,232,54,40,36,94,101,6.93,65,,42.08,78.64,42.26,571000000,,14000000,0.01,0.07,3.2,17.4,-3,,10.39,71.57,4800,19,30.96,4.17,813,46.79,100,0.6,45.53,59.76,71.44,64.9,1.7,0.9,0.05,2.87,156600,,1.99,8440820,35.5,1.11,101.9,97.88,26340,604.56,2350000000,1782122,19.3
"Saint Kitts and Nevis",152,5,,,12440,78,64,50,1.3,33,,28,2.3,100,,55,198,46,654,5.8,142,188,108,420,,2,63,60,17,17,6.73,99,,,38.46,3,2500000,,,1.07,3.48,20.74,54,,,5.83,76.05,50,478,66.59,,13677,,,12.15,,,,,,,,,,16.5,2.14,,109.19,,102.55,,260,135.57,387000000,15456,32.2
"Saint Lucia",153,5,51,,8500,97,99,163,1.1,28,26,27,2.2,100,,30,331,749,421,5.9,104,202,129,304,,2,64,61,12,12,11.48,98,20.6,61.02,32.79,3.88,10500000,,,,2.23,65.7,,,,14.7,52.91,170,323,65.54,,9279,42.58,,34.5,,,,,,,,,877,17.3,1.44,,106.18,,104.92,,620,370.06,764000000,45482.32,27.6
"Saint Vincent and the Grenadines",154,5,71,,6220,88,92,120,0.5,46,25,29,2.2,100,,45,447,89,461,6,167,301,155,315,,5,62,60,13,21,7,,,65.7,25.64,8.15,4410000,,,3.06,1.62,59.3,48,,,22.62,79.64,110,218,76.55,,6752,,,8.4,,,,,,,,,,13.2,0.54,,92.04,,100.61,,390,190.53,384000000,54683.88,45.9
Samoa,155,6,45,98.6,5090,91,90,185,0.8,23,20,40,4.1,100,,10,310,50,232,4.9,203,235,95,417,,3,60,59,9,37,1.73,88,41,31.05,32.86,13.57,44000000,,,0.04,0.85,13.4,42.6,,,6.06,172.22,1710,113.08,30.07,4.69,4872,,24,3.4,71.1,73.69,74.14,73.93,8,0.45,0.7,,,0.35,0.73,177287,72.23,,105.1,75.05,2840,150.22,286000000,41181.28,22.4
"San Marino",156,2,,,,,,31,1.4,93,,14,1.3,,,,2196,1089,3297,7.1,37,59,140,223,,1,76,71,3,4,,,,,,,,,,,,,,,,,,,,,,,,,,,,,,,,,,,,,,,,,,,,,,
"Sao Tome and Principe",157,3,91,84.9,1490,98,97,155,1.6,59,19,41,4,81,29.3,32,308,81,141,10.5,210,275,133,396,,26,55,54,59,66,6.95,86,16.9,71.69,59.38,16.99,31900000,,,,0.55,7.6,30.3,,,,,270,49,,0.85,1460,,63,14.7,65.23,77.95,92.23,84.91,,,0.49,,,,1.65,187410,74.24,0.9,98.97,98.83,960,102.59,,88520.76,58
"Saudi Arabia",158,1,15,82.9,22300,87,87,24175,2.4,81,24,34,3.5,96,,23,74114,34261,607,3.4,136,205,109,405,,5,63,60,20,22,0,89,14.7,29.51,,3.24,25600000,36000000,148000000,0.29,14.43,57.6,20.8,-10,6813.32,,,27280,448,25.92,3.84,21220,,21,12.2,72.49,77.7,87.9,82.86,9.6,2.6,1.37,8.05,,34,2.58,26400000,93.38,0.16,94.74,97.65,2000000,381110.97,229000000000,18700000,81
Senegal,159,3,100,39.3,1560,70,71,12072,2.5,42,19,42,4.9,52,11.8,1,3287,594,72,5.4,236,307,146,426,45,55,49,47,53,67,0.46,77,10.7,93.95,42.84,16.75,672000000,,2000000,0.15,0.43,14.8,11.8,8,150.97,18.32,45.7,86730,38,42.69,2.68,1676,41.25,61,4.6,62.7,29.25,51.05,39.28,1.4,0.1,0.06,1.43,48537,2.3,2.56,11700000,51.48,1.31,90.82,70.05,196720,5070.98,5470000000,4896461.5,41.6
Serbia,160,2,24,,9320,,,9851,-0.1,52,37,18,1.8,99,41.2,54,42234,19581,525,7.6,94,187,,,,5,,,6,8,,99,42.3,,,,,,,,,,,,,,,,,,,,,,,,,,,,,,,,,,,,,,,,,,,
Seychelles,161,3,,91.8,14360,100,99,86,0.7,51,,24,1.7,,,57,634,121,812,6.8,104,241,131,336,,5,65,57,13,11,3.36,87,21.2,,13.04,3,15000000,,0,1.14,7.13,72.9,,,,12.54,98.76,400,557,125.65,-3.28,14202,,12,26,,46.13,45.7,45.92,,,1.13,1.74,,13.88,0.48,81188,114.87,,100.26,50.31,460,578.91,563000000,43854.1,52.9
"Sierra Leone",162,3,178,34.8,610,36,50,5743,2.8,41,18,43,6.5,43,5.3,4,2510,168,41,3.5,460,556,181,515,83,107,30,27,144,173,6.39,53,,172.47,40.21,45.88,344000000,,13000000,,0.16,2.2,5.3,5,,,143.12,27540,8,40.13,3.82,790,39.96,160,0.2,42.18,24.16,46.65,34.83,2.4,0.6,0.03,0.97,49923,,3.57,5867426,,0.98,83.18,62.67,71740,937.98,1200000000,2273666,40.7
Singapore,163,6,7,92.5,43300,77,77,4382,1.3,100,38,19,1.3,100,,32,19090,6380,1228,3.4,50,83,128,171,10,2,71,69,2,3,2.17,,,4.96,1.16,0.09,9140000,3000000,552000000,15.33,12.72,100.8,62,-2,8358.28,11.34,,20,944,214.82,3.89,41479,42.48,2,39.8,79.67,88.65,96.57,92.55,30.49,11.5,1.4,4.68,3878,62.2,2.41,4425720,,0.92,101.01,100.2,699,56275.38,113000000000,4341800,100
Slovakia,164,2,21,,17060,92,92,5388,0,56,36,16,1.2,100,,68,35757,16868,1235,7,76,196,170,371,,2,69,63,6,7,10.35,100,30.9,20.15,40.35,3.85,235000000,79000000,4000000,3.37,6.75,84.1,74,9,4919.81,11.91,52.69,19290,626,82.35,5.93,15881,25.81,7,35.3,74.19,,,,52.55,7.34,3.1,1.74,,29.6,0.08,5431363,94.32,1.35,100.39,,49030,36640,25500000000,3027494,56.2
Slovenia,165,2,6,99.7,23970,95,96,2001,0.1,51,41,14,1.3,100,,48,15711,4723,2065,8.4,56,148,160,228,10,2,72,67,4,3,6.74,,26.5,6.47,25.22,2.57,62200000,,2000000,9.83,7.38,89.4,73.8,,6917.77,25.92,,12640,1495,65.14,3.85,23004,30.94,3,55.4,77.6,99.64,99.7,99.67,48.75,11.83,2.25,1.5,246.67,35.5,0.18,2011070,99.28,1.23,99.51,100.06,20270,14846.53,22900000000,1020255,51
"Solomon Islands",166,6,72,,1850,61,62,484,2.4,17,20,40,4,43,,15,653,60,107,4.7,139,188,90,409,,23,57,55,54,55,0.97,70,,45.21,3.04,,198000000,,6000000,0.1,0.33,1.3,6.8,8,,14.07,55.42,21720,28,40.74,2.37,1712,,56,0.8,63.25,,,,7.4,2.6,0.13,,,3.07,2.48,538032,68.8,,93.33,,28900,175.87,323000000,80311.23,17
Somalia,167,3,35,,,6,11,8445,3,36,18,44,6.2,33,,,1486,310,18,2.6,288,358,143,580,50,40,38,36,88,91,0,29,,68.19,70.74,65.45,237000000,,1000000,,0.07,6.1,14.6,0,,,283.88,71310,8,37.74,-1.51,932.96,,91,1.1,47.6,,,,3.5,2.1,0.04,,22621,0.4,3,8591629,,0.74,55,,637660,589.9,,2885131,35.2
"South Africa",168,3,65,82.4,8900,88,88,48282,0.7,60,24,32,2.7,92,60.3,28,184459,34829,869,8.6,531,598,154,410,675,84,45,43,54,58,6.72,93,18.4,65,82.04,2.75,680000000,23000000,315000000,0.35,9.22,71.6,60.3,9,4847.18,14.3,13.12,92030,437,28.4,3.69,8477,57.78,55,10.8,50.35,80.93,84.07,82.4,24.88,7.09,0.77,1.47,5560376,8.3,1.17,44300000,100.21,0.85,100.04,100.85,1219090,408792.47,161000000000,27800000,59.3
Spain,169,2,10,97.2,28200,99,100,43887,1.1,77,39,14,1.4,,,34,328891,135300,2388,8.1,44,105,131,137,5,3,75,70,3,4,11.68,100,33.7,9.64,58.15,3.26,,116000000,323000000,11.6,8.52,100,80.9,10,6147.13,18.95,,179150,2152,30.88,1.74,27270,34.66,4,40.4,80.28,95.05,98.04,96.49,45.1,5.08,3.2,1.05,,25.4,1.64,40300000,102.96,1.15,102.6,100.03,505370,343701.53,678000000000,33300000,76.7
"Sri Lanka",170,7,29,90.7,3730,100,99,19207,0.5,15,30,24,1.9,97,70,29,33233,10479,213,4.2,95,234,118,314,10,8,64,59,9,14,0.28,82,16.5,26.53,36.45,17.29,1190000000,,18000000,0.13,0.55,16.2,70,5,377.77,,48.12,19330,51,42.76,4.42,3481,40.17,12,1.7,72,89.14,92.27,90.68,9.1,1.6,0.55,2.6,3549,2.7,1.05,20100000,107.55,0.88,103.6,101.11,65610,11017.65,19800000000,2969868,15.1
Sudan,171,3,51,60.9,1780,37,45,37707,2.2,42,20,40,4.4,49,7.6,7,33354,11083,61,3.8,261,329,112,499,94,62,50,47,64,59,0.3,70,,61.74,57.59,33.62,1830000000,,81000000,0,0.26,5.2,7.6,-4,94.26,,71.21,675460,29,27.6,5.88,2249,,62,8,58.01,51.78,71.13,60.93,0.9,0.8,0.22,2.24,302641,1.8,2.07,40200000,46.87,0.72,88.87,84.41,2505810,10618.27,16700000000,15100000,40.8
Suriname,172,5,62,89.6,7720,98,95,455,0.6,74,26,29,2.5,71,42.1,31,688,191,361,7.4,172,270,133,421,200,11,61,57,24,34,,92,,41.61,0.58,5.53,43900000,,6000000,0.24,5.42,51.8,42.1,,,23.53,,147760,209,45.57,4.48,7234,,30,7.1,69.93,87.2,92.02,89.6,13.2,7.4,0.45,,5782,4.3,0.64,438144,87.19,0.56,112.56,98.46,163270,2374.27,1150000000,334373.84,73.9
Swaziland,173,3,73,79.6,4700,79,78,1134,0.8,24,19,39,3.6,74,46,21,6828,171,353,5.9,643,690,162,364,1550,94,35,33,104,120,4.6,60,8.9,35.09,80.93,11.17,46300000,,1000000,,0.84,19.4,48.1,-9,,14.21,20.16,5410,146,84.83,0.8,4384,50.4,110,4,40.68,78.35,80.9,79.56,9.3,1.4,0.16,1.94,179336,3.3,0.99,1138227,66.68,0.8,94.65,103.2,17360,956.3,1560000000,272571,24.1
Sweden,174,2,7,,34310,95,95,9078,0.4,84,40,17,1.8,,,,97005,29190,3119,8.9,49,78,116,176,10,1,75,72,3,3,5.96,100,22,4.53,7.84,1.2,,598000000,63000000,21.25,5.39,100.5,,10,15440.42,25.67,,275280,3598,41.07,2.34,31995,25,3,76.2,80.75,,,,20.27,14.04,3.3,1.54,4490,76.1,0.36,9001774,103.94,1.46,99.6,,450290,48511.36,270000000000,7598241.5,84.2
Switzerland,175,2,5,,40840,89,89,7455,0.4,76,40,16,1.4,100,,57,79153,28812,4312,11.3,47,80,116,142,10,1,75,71,4,5,10.83,100,26.5,4.54,38.13,1.29,,166000000,159000000,22.29,5.5,91.6,82,,8305.25,24.96,,12210,5694,41.1,1.25,35520,33.68,4,50.9,81.44,,,,31.85,10.71,3.6,0.95,23681,82.3,0.64,7489370,91.39,1.27,96.99,,41280,41165.04,259000000000,5592699,75.2
Syria,176,1,58,80.8,4110,92,97,19408,2.7,51,21,36,3.2,93,58.3,14,27288,10342,109,3.9,122,182,60,410,,3,63,60,9,14,0.49,89,,39.71,76.22,19.68,78700000,3000000,7000000,0.01,3.71,15.5,58.3,-7,1411.2,13.64,23.81,4610,61.36,39.5,,4059,,,5.8,,73.63,87.76,80.84,30.5,3.4,,4.62,,3.3,2.71,,111.36,0.6,94.34,95.36,185180,68428.87,23600000000,9560304,50.6
Tajikistan,178,2,57,99.5,1560,95,99,6640,1.4,25,20,39,3.5,83,37.9,61,33165,13267,71,5,177,225,90,753,10,39,56,53,49,63,0.39,67,,29.23,30.4,23.95,251000000,,27000000,0.000458,0.73,4.1,37.9,-3,2266.8,8.81,46.2,4100,18,52.81,6.23,1413,33.59,59,0.3,66.47,99.22,99.68,99.45,6.48,2.78,2.03,2.17,7270,,1.27,7163506,101.72,0.8,88.37,100.01,142550,5235.86,1530000000,1617902.6,24.7
Tanzania,179,3,139,69.4,980,97,98,39459,2.5,25,18,44,5.3,43,26.4,11,13292,822,45,5.5,493,518,151,435,365,47,41,40,73,74,5.45,55,14.6,125.14,38.78,46.13,1480000000,,56000000,,0.13,8.8,26.4,1,61.2,,62.96,352570,17,30.84,5.01,1018,34.62,76,1,51.8,62.17,77.51,69.43,2,0.5,0.02,1.07,1387544,0.7,2.55,36800000,56.46,1.04,98.9,94.17,947300,4671.6,12500000000,9311645,24.2
Thailand,180,6,70,92.6,7440,94,94,63444,0.7,33,33,21,1.8,97,71.5,,172477,22435,346,3.5,155,264,129,199,33,16,62,58,7,8,5.59,98,21.7,42.74,36.41,10.18,-165000000,5000000,58000000,0.17,4.22,48.5,76.7,9,1988.15,14.07,30.02,145200,98,75.12,3.59,6869,41.98,8,11.3,70.1,90.52,94.9,92.65,15.92,6.18,0.37,1.15,611534,6,0.7,64200000,96.04,0.7,102.41,99.74,513120,270894.2,157000000000,20300000,32.3
Timor-Leste,181,6,49,,5100,67,70,1114,4.3,27,17,45,6.7,19,10,,1795,79,169,16.4,161,237,118,441,,98,52,48,41,53,,62,,,,,,,,,,,,,,,,,,,,,,,,,,,,,,,,,,,,,,,,,,,,
Togo,182,3,89,53.2,770,75,86,6410,2.7,41,18,43,5,62,25.7,9,1937,225,70,5.5,301,371,147,427,148,84,46,44,58,80,1.24,59,,95.04,66.74,43.63,82800000,,7000000,,0.25,8.5,16.8,-4,94.09,6.7,81.66,3860,18,48.65,0.18,888,,71,5.9,58.21,38.46,68.68,53.16,2.4,0.6,0.04,1.58,120303,3.4,2.73,5399991,65.03,1.03,73.43,75.97,56790,1344.69,1480000000,2501667.2,40.1
Tonga,183,6,17,98.9,5470,94,97,100,0.5,24,21,37,3.8,99,,29,350,30,289,5.4,208,114,85,363,,3,62,62,22,18,0.75,100,39,17.77,41.67,24.94,31800000,,0,0.65,1.04,29.8,33,,,9.41,37.8,40,103.94,32.93,1.99,5135,,20,3,73.05,98.98,98.83,98.91,,,0.15,0.83,,3.75,0.37,112422,136.63,,99.39,100.09,750,117.25,167000000,23846.64,24
"Trinidad and Tobago",184,5,35,98.5,16800,85,85,1328,0.4,13,29,22,1.6,98,38.2,26,3653,1004,811,4.2,140,257,121,379,146,1,64,60,31,35,4.17,94,22.1,34.9,25.93,0.68,-2080000,,1000000,0.82,30.38,61.3,42.5,10,5038.07,15.75,,2260,513.1,43.47,6.65,15352,38.88,32,12.5,69.61,97.84,98.92,98.37,14.89,4.27,0.79,,13083,7.9,0.35,1075066,87.98,0.43,100.55,100.01,5130,32657.23,11900000000,161494.08,12.2
Tunisia,185,1,8,74.3,6490,97,96,10215,1.1,66,27,25,1.9,90,62.6,19,28537,13330,488,5.3,106,165,78,417,10,3,64,61,16,21,1.23,94,26.6,7.28,62.88,11.65,365000000,,168000000,0.18,2.18,56.3,62.6,-4,1193.94,21.08,64.99,10560,158,50.64,3.22,6461,39.8,20,9.5,73.7,65.35,83.39,74.3,27.1,1.8,1.34,1.63,3227,4.8,0.97,10100000,99.17,0.83,103.58,95.69,163610,21976.67,24200000000,6548937,65.3
Turkey,186,2,51,87.4,8410,89,93,73922,1.3,68,27,28,2.2,83,71,27,217685,116014,645,5.6,91,153,95,542,,5,63,61,23,25,1.37,97,35.5,40.87,53.56,10.74,459000000,47000000,845000000,2.21,3.56,59.6,71,7,1897.59,14.12,46.66,101750,383,33.98,6.02,7786,43.64,26,15.3,71.54,79.58,95.27,87.37,44.1,4.9,1.3,2.84,,5.1,1.28,69700000,86.4,1.88,89.37,95.18,783560,247873.27,246000000000,48500000,67.3
Turkmenistan,187,2,29,98.8,3990,,,4899,1.4,47,24,31,2.6,100,61.8,43,23026,12210,259,4.8,211,369,99,844,,9,57,52,38,52,1.18,,,16.31,70.36,19.59,29300000,,10000000,,8.41,2.2,48,-9,1731.33,,14.03,41270,156,47.79,17.08,4247,40.76,47,1,62.97,98.26,99.32,98.78,18.3,4.1,4.18,2.9,,,1.4,4952081,,0.02,,100.01,488100,41634.03,2900000000,2232969,46.2
Tuvalu,188,6,,,,,,10,0.4,46,,34,3,100,,56,50,10,205,11.4,270,253,129,541,,55,53,53,32,30,1.37,93,,,,,,,,,,,,,,,,,,,,,,,,,,,,,,,,,,,,,,,,,,,,
Uganda,189,3,159,68.1,880,,,29899,3.2,13,15,49,6.6,42,23.7,11,18969,2209,143,7.2,474,518,146,422,316,60,44,42,75,81,,64,12.1,160.04,64.5,33.32,1180000000,,15000000,0,0.08,4.6,23.7,-1,,11.28,51.58,36270,22,27.07,2.89,991,45.7,79,1.7,50.61,57.71,76.81,66.81,3.3,2.1,0.08,2.3,981514,0.5,3.23,27300000,54.43,1.17,97.63,86.06,241040,2308.32,7790000000,3647344.8,12.6
Ukraine,190,2,29,99.4,6110,90,90,46557,-0.8,68,39,14,1.2,100,,87,388444,143728,542,7,142,384,139,637,47,13,64,55,17,23,6.09,97,,28.73,71.29,10.4,396000000,308000000,29000000,,6.96,64.5,65.6,6,3246.04,14.03,39.1,95750,128,50.64,3.4,5583,28.24,20,9.8,67.31,99.17,99.74,99.43,47.16,5.02,2.95,2.32,394311,2.8,-0.73,47000000,104.93,0.81,98.74,100.06,603550,327129.25,45200000000,31900000,67.8
"United Arab Emirates",191,1,37,88.5,31190,88,88,4248,3.5,77,30,20,2.3,100,,18,10340,4960,673,2.6,62,84,100,369,,2,64,64,7,8,0.02,100,14.4,20.37,6.7,2.25,5360000,25000000,2320000000,3.15,48.27,100.8,27.5,-8,13708.09,7.08,,3120,833,76.31,3.4,33487,,8,29.4,78.46,87.79,88.99,88.67,12.7,4.8,2.02,1.97,,12,3.9,2563212,96.23,0.37,100.25,97.56,83600,123733.28,104000000000,3147991.2,76.7
"United Kingdom",192,2,27,,33650,99,98,60512,0.4,90,39,18,1.8,99,82,39,740731,133641,2784,8.4,61,98,143,182,10,1,72,69,4,5,11.75,100,35.7,25.12,70.09,0.95,,912000000,39000000,16.43,9.04,109.7,84,10,6253.49,17.95,,28450,3064,30.21,1.16,31580,35.97,5,53.8,79.19,,,,37.58,19.67,2.2,2.7,64272,60,0.65,60400000,,1.63,101.47,,243610,546416,1620000000000,54000000,89.7
"United States of America",193,4,43,,44070,93,91,302841,1,81,36,21,2.1,100,72.8,32,2669603,730801,6714,15.3,80,137,134,188,5,0,71,67,6,7,8.61,99,23.9,42.93,45.27,1.19,,7090000000,456000000,16.2,19.53,71.5,64.2,10,13647.58,21.98,,3030890,6657,16.29,2.24,41674,40.81,7,66.3,77.89,,,,44.11,26.15,2.3,4.07,1190137,76.2,0.97,296000000,,0.63,100.3,,9632030,5776431.5,11000000000000,240000000,80.8
Uruguay,194,5,64,96.8,9940,100,100,3331,0.2,92,33,24,2.1,100,77,29,2880,12384,989,8.2,88,164,170,208,50,3,69,63,11,14,7.74,100,32.6,62.42,85.45,9.2,14600000,1000000,20000000,1.85,1.63,35.5,84,10,2007.13,7.58,90.57,15060,404,28.47,5.83,9266,46.14,12,20.6,76.11,97.27,96.24,96.78,46.16,6.18,3.65,1.32,9081,13.3,0.12,3415920,92.53,1.23,105.59,100.88,176220,5558.29,21600000000,3041265.2,92
Uzbekistan,195,2,40,,2190,78,79,26981,1.4,37,23,32,2.6,100,64.9,52,290162,70564,177,4.7,142,229,74,663,10,17,61,58,32,43,1.51,88,12.8,35.17,65.56,27.97,169000000,4000000,5000000,0.03,4.18,2.7,64.9,-9,1659.39,,29.5,32950,26,28.66,5.76,1975,36.77,40,3.3,67,,,,10.98,3.12,2.74,0.54,9957,,1.16,26900000,98.14,0.85,97.4,,447400,112356.56,17900000000,9603424,36.7
Vanuatu,196,6,92,75.5,3480,86,88,221,2.5,24,20,39,3.9,92,,41,360,30,139,4.2,166,207,92,409,,8,59,58,28,30,0.75,59,28.8,47.42,12.06,14.1,39500000,,,0.03,0.43,5.8,28,,,14.67,24,4400,67,60.46,0.84,3477,,31,3.5,69.63,,,74,12.7,5.8,0.11,,,1.4,2.56,205754,85.92,,94.76,,12190,87.94,256000000,50611.01,23.5
Venezuela,197,5,81,93,10970,91,91,27191,1.7,94,25,31,2.6,95,,9,28000,48000,396,5.1,95,187,107,241,23,5,67,62,15,20,6.67,89,29.8,90.78,24.59,4.04,48700000,5000000,27000000,1.34,5.84,46.7,76.8,6,2848.37,,32.07,477130,247,20.03,,9876,48.2,,12.5,,92.72,93.26,92.98,16.86,9.26,,1.11,134701,8.2,1.71,,91.39,0.03,103.26,101.81,912050,148117.2,133000000000,24800000,93.4
Vietnam,198,6,25,90.3,2310,91,96,86206,1.4,27,25,29,2.2,88,78.5,26,61810,44960,264,6.6,116,194,123,318,15,21,63,60,15,14,0.85,92,24.3,18.94,30.93,20.97,1910000000,,308000000,0.25,1.22,11.4,76.8,-7,572.69,,36.92,129310,37,73.54,7.17,2142,37.05,16,12.7,73.94,86.92,93.92,90.28,27.4,6.7,0.53,2.65,258254,1.3,1.3,83500000,92.38,0.67,95.99,99.37,329310,101826.23,44800000000,21900000,26.4
Yemen,200,1,83,54.1,2090,65,85,21732,3,28,17,45,5.6,20,23.1,7,13746,6739,82,4.6,217,282,108,553,,10,51,48,70,80,0.04,66,,74.47,33.55,14.34,336000000,,308000000,,0.97,9.5,23.1,-2,173.78,,35.28,5490,39,41.44,-0.6,2276,37.7,76,1.1,62.1,34.68,73.12,54.07,3.8,3.4,0.33,6.02,,1.4,2.97,20700000,60.35,0.3,65.65,64.92,527970,20148.34,11500000000,5759120.5,27.3
Zambia,201,3,161,68,1140,94,90,11696,1.9,35,17,46,5.3,43,34.2,22,22010,1264,62,5.2,597,644,122,359,840,56,35,35,101,103,2.4,58,13.4,134.34,34.62,22.77,935000000,2000000,15000000,0,0.21,8.1,34.2,5,721.19,5.41,80.72,424520,36,37.41,3.49,1175,50.8,102,2.9,41.59,59.8,76.25,68,6.3,0.9,0.12,2.25,1016568,1,1.83,11300000,82.72,1.31,92.7,91.2,752610,2366.94,4090000000,4017411,35
Zimbabwe,202,3,101,89.5,,88,87,13228,0.8,36,19,39,3.3,69,60.2,30,9357,2086,147,8.4,755,755,122,347,1384,59,33,34,52,58,4.41,81,15,64.24,40.35,19.13,376000000,,20000000,0.08,0.94,5.6,60.2,-4,953.07,14.26,133.41,175400,21,72.98,-7.03,538,50.1,68,8.4,42.61,86.16,92.67,89.36,12.1,5.8,0.16,0,1516373,8.4,0.72,12200000,81.03,0.61,96.32,100.45,390760,11457.33,5620000000,4709965,35.9
